transformation,n_pairs,mean_delta,median_delta,n_significant
CCOc1ccc(C[*:1])cc1>>COc1ccc(C[*:1])cc1,3,-2.8615522739083983,-2.984017838823823,3
CCOc1ccc(CNC(=O)[*:1])cc1>>COc1ccc(CNC(=O)[*:1])cc1,3,-2.8615522739083983,-2.984017838823823,3
CCOc1cccc(CNC(=O)[*:1])c1>>COc1ccc(CNC(=O)[*:1])cc1,3,-2.2183804457390655,-2.21612217578707,3
CCOc1cccc(C[*:1])c1>>COc1ccc(C[*:1])cc1,3,-2.2183804457390655,-2.21612217578707,3
CCOc1cccc([*:1])c1>>COc1ccc([*:1])cc1,3,-2.2183804457390655,-2.21612217578707,3
CCOc1ccc([*:1])cc1>>COc1ccc([*:1])cc1,4,-1.9043647131079653,-2.7620516247744353,4
CCc1ccc(CNC(=O)[*:1])cc1>>Cc1ccc(CNC(=O)[*:1])cc1,3,-1.7964022916591826,-2.555386679119033,2
COc1ccc([*:1])cc1>>c1cc2c(cc1[*:1])OCO2,3,-1.5590821393760101,-1.536559301094649,3
Cc1ccccc1[*:1]>>c1ccc([*:1])cc1,3,-1.3888278398860852,-1.854742265853395,3
CC[*:1]>>CO[*:1],4,-1.3838126861440787,-1.449520966052752,3
CCc1ccc([*:1])cc1>>COc1ccc([*:1])cc1,4,-1.3838126861440787,-1.449520966052752,3
CCc1ccc(C[*:1])cc1>>Cc1ccc(C[*:1])cc1,4,-1.3744921096183536,-1.340388769165782,3
Fc1cccc([*:1])c1>>Fc1ccccc1[*:1],3,-1.3488432279823748,-2.1643287918745306,3
CCN(C[*:1])c1cccc(C)c1>>CCN(Cc1ccccc1)C[*:1],3,-1.3266501922229108,-3.5991668329749316,3
CCC[*:1]>>C[*:1],3,-1.2595033320891378,-1.332940310056327,3
CC[*:1]>>F[*:1],3,-1.1182019100112888,-0.5560252931502089,2
CCc1ccc([*:1])cc1>>Fc1ccc([*:1])cc1,3,-1.1182019100112888,-0.5560252931502089,2
CCc1ccc([*:1])cc1>>Cc1ccc([*:1])cc1,7,-1.0807443035900217,-0.4550321351632956,5
O=C(Nc1ccc2c(c1)OCCO2)[*:1]>>O=C(Nc1ccc2c(c1)OCO2)[*:1],4,-1.0754281769048033,-0.3650113738191685,3
c1ccc(C[*:1])cc1>>c1ccc([*:1])cc1,5,-1.0678876570100753,0.08859097956771231,3
CCO[*:1]>>CO[*:1],6,-1.0126893440907825,-1.2787978483456037,5
C[*:1]>>c1ccc(C[*:1])cc1,4,-0.9989319923965081,-1.47240522392149,4
Cc1cccc([*:1])c1>>c1ccc(C[*:1])cc1,4,-0.9661042241985704,-1.7418165765502405,3
CCC[*:1]>>CC[*:1],3,-0.8856121230831357,-1.1809697769248948,2
CC[*:1]>>C[*:1],22,-0.8442953539474001,-0.3035013341473639,15
c1cc2c(cc1[*:1])OCCO2>>c1cc2c(cc1[*:1])OCO2,6,-0.8079967775714213,-0.3596750797065881,5
CCO[*:1]>>C[*:1],3,-0.777107131912838,-0.30620652831004835,3
Cc1ccc(C[*:1])cc1>>Cc1cccc(C[*:1])c1,3,-0.747697865831293,-0.47816087457663436,3
Cc1ccc([*:1])cc1>>Cc1cccc([*:1])c1,3,-0.747697865831293,-0.47816087457663436,3
CC(C)[*:1]>>CC[*:1],14,-0.6823235485125506,-0.4778873945148909,10
Cc1ccc(C[*:1])cc1>>Fc1ccc(C[*:1])cc1,4,-0.45427145858676166,-0.11416925586875107,1
COc1ccc([*:1])cc1>>COc1ccc([*:1])cc1OC,3,-0.44085671846742747,-0.38576531335335384,3
CCN(CCC[*:1])c1cccc(C)c1>>CCN(CCC[*:1])c1ccccc1,3,-0.3894079344661561,-0.21148729693829393,1
CCN(CC[*:1])c1cccc(C)c1>>CCN(CC[*:1])c1ccccc1,3,-0.3894079344661561,-0.21148729693829393,1
CCN(C[*:1])c1cccc(C)c1>>CCN(C[*:1])c1ccccc1,3,-0.3894079344661561,-0.21148729693829393,1
CCN(c1cccc(C)c1)[*:1]>>CCN(c1ccccc1)[*:1],3,-0.3894079344661561,-0.21148729693829393,1
COc1ccc(C[*:1])cc1>>Cc1cc(C)cc([*:1])c1,3,-0.3860089936432664,-0.007083433234766803,1
O=C(N1CCCC1)[*:1]>>O=C(N1CCCCC1)[*:1],3,-0.377063394290444,-0.0731162253260833,1
O=C(C[*:1])N1CCCC1>>O=C(C[*:1])N1CCCCC1,3,-0.377063394290444,-0.0731162253260833,1
Cc1ccc([*:1])cc1>>Fc1ccc([*:1])cc1,6,-0.2692668248641665,-0.05500149102002321,3
COc1ccc([*:1])cc1>>Clc1ccc([*:1])cc1,4,-0.2402891288600516,0.10073847231248172,4
CC(C)N(CC[*:1])Cc1ccccc1>>CCN(CC[*:1])Cc1ccccc1,4,-0.17365193623896213,-0.1777398529243548,2
CC(C)N(Cc1ccccc1)C[*:1]>>CCN(Cc1ccccc1)C[*:1],4,-0.17365193623896213,-0.1777398529243548,2
CC(C)N(Cc1ccccc1)[*:1]>>CCN(Cc1ccccc1)[*:1],4,-0.17365193623896213,-0.1777398529243548,2
C[*:1]>>F[*:1],10,-0.1421852072105208,0.037943334681239296,7
COc1ccc([*:1])cc1>>c1ccc([*:1])cc1,7,-0.12575948451417837,-0.1520939507897641,6
COc1ccc(C[*:1])cc1>>COc1ccc([*:1])cc1,3,-0.09805175866015592,0.1864711498474767,2
O=C(N1CCCC1)[*:1]>>O=C(N1CCCCCC1)[*:1],3,-0.08671439213513003,-0.05504611300803708,1
O=C(C[*:1])N1CCCC1>>O=C(C[*:1])N1CCCCCC1,3,-0.08671439213513003,-0.05504611300803708,1
COc1ccc([*:1])cc1OC>>Clc1ccc([*:1])cc1,3,-0.06564417585880386,0.14508051801378052,3
COc1ccc([*:1])c(OC)c1>>COc1ccc([*:1])cc1,4,-0.040686000649613537,0.02474702870999705,1
COc1ccc([*:1])cc1>>Cc1ccc([*:1])cc1,7,-0.023085475253414922,0.0617244598176938,3
CO[*:1]>>C[*:1],9,-0.018185217322542073,0.0617244598176938,5
Cc1cccc([*:1])c1>>c1ccc([*:1])cc1,5,0.0007047986401030659,0.007560313199392404,3
CO[*:1]>>F[*:1],4,0.009489658246884705,0.1252506757140834,3
c1ccc([*:1])cc1>>c1csc([*:1])c1,4,0.04207459585653073,-0.023068002461355548,1
C[*:1]>>Cl[*:1],5,0.06487540076121241,-0.033575884213517426,3
Clc1ccc([*:1])cc1>>Clc1cccc([*:1])c1,3,0.09999590714547679,0.1296289586947307,2
Clc1ccc(C[*:1])cc1>>Clc1cccc(C[*:1])c1,3,0.09999590714547679,0.1296289586947307,2
Cc1ccc([*:1])cc1>>c1ccc([*:1])cc1,7,0.11288165421536703,0.0417464328823698,3
Cl[*:1]>>F[*:1],4,0.15172114331166345,0.17353855497441056,3
Cc1ccc([*:1])cc1>>Clc1ccc([*:1])cc1,3,0.1782503243387492,0.44530538753660104,2
C[*:1]>>c1ccc([*:1])cc1,7,0.21443562609464722,0.47485568322022437,7
COc1ccc(C[*:1])cc1>>Cc1ccc(C[*:1])cc1,3,0.2317197846704441,0.234808067503247,1
CO[*:1]>>Cl[*:1],6,0.2523304402737137,0.25843555009486385,5
COc1ccc([*:1])cc1>>COc1cccc([*:1])c1,7,0.3059616052725935,-0.0041882087534841905,3
COc1ccc([*:1])cc1>>Fc1ccc([*:1])cc1,3,0.3070014573461652,0.2350219716092888,2
Clc1ccc(C[*:1])cc1>>c1ccc(C[*:1])cc1,3,0.3445172986301775,0.34864320596660847,3
Clc1ccc([*:1])cc1>>c1ccc([*:1])cc1,5,0.39458978864340954,0.34864320596660847,4
COc1cc(OC)cc([*:1])c1>>COc1ccc(C[*:1])cc1,4,0.7249982539684885,0.796250488351784,3
Fc1ccc([*:1])cc1>>c1ccc([*:1])cc1,4,0.7370595154587376,0.22838217685933856,3
CC[*:1]>>c1ccc(C[*:1])cc1,6,0.7541057907549522,1.1016634039001056,6
CC(C)[*:1]>>CCC[*:1],4,0.7669860804974219,0.3914729225152157,2
COc1ccc([*:1])cc1>>c1cncc([*:1])c1,3,0.9349925407910881,1.2270174059660923,3
Fc1ccc(N2CCN([*:1])CC2)cc1>>c1ccc(N2CCN([*:1])CC2)cc1,3,1.1117846614113345,0.24439087379612834,2
CCCCN(Cc1ccccc1)[*:1]>>CCN(c1cccc(C)c1)[*:1],3,1.2512703137001855,1.4448774056573606,2
CCCCN(Cc1ccccc1)C[*:1]>>CCN(C[*:1])c1cccc(C)c1,3,1.2512703137001855,1.4448774056573606,2
CCN(CC[*:1])Cc1ccccc1>>CCN(CC[*:1])c1cccc(C)c1,3,1.3266501922229108,3.5991668329749316,3
CCN(CCC[*:1])Cc1ccccc1>>CCN(CCC[*:1])c1cccc(C)c1,3,1.3266501922229108,3.5991668329749316,3
CCN(Cc1ccccc1)[*:1]>>CCN(c1cccc(C)c1)[*:1],3,1.3266501922229108,3.5991668329749316,3
CC[*:1]>>c1ccc([*:1])cc1,5,1.4468987002836986,2.124693057601572,5
COc1ccc([*:1])cc1>>COc1ccccc1[*:1],4,1.8488760305671277,1.8430108959926677,4
