ocnt_batch,enzyme,n,n_zero,pattern
OCNT-0017486-AA-002,CYP2J2,4,0,none
OCNT-0017486-AA-002,CYP3A4,4,0,none
OCNT-0021863-AA-002,CYP2J2,4,0,none
OCNT-0021863-AA-002,CYP3A4,4,0,none
OCNT-0022119-AA-003,CYP2J2,4,0,none
OCNT-0022119-AA-003,CYP3A4,4,0,none
OCNT-0022128-AA-003,CYP2J2,4,0,none
OCNT-0022128-AA-003,CYP3A4,4,0,none
OCNT-0022129-AA-002,CYP2J2,4,0,none
OCNT-0022129-AA-002,CYP3A4,4,0,none
OCNT-0022137-AA-003,CYP2J2,4,0,none
OCNT-0022137-AA-003,CYP3A4,4,0,none
OCNT-0022142-AA-001,CYP2J2,4,0,none
OCNT-0022142-AA-001,CYP3A4,4,0,none
OCNT-0453746-AA-001,CYP2J2,4,0,none
OCNT-0453746-AA-001,CYP3A4,3,0,none
OCNT-0453782-AA-001,CYP2J2,4,0,none
OCNT-0453782-AA-001,CYP3A4,4,1,partial
OCNT-0453991-AA-001,CYP2J2,4,0,none
OCNT-0453991-AA-001,CYP3A4,4,0,none
OCNT-0454217-AA-001,CYP2J2,4,0,none
OCNT-0454217-AA-001,CYP3A4,4,0,none
OCNT-0454221-AA-001,CYP2J2,4,0,none
OCNT-0454221-AA-001,CYP3A4,4,0,none
OCNT-0454223-AA-001,CYP2J2,4,0,none
OCNT-0454223-AA-001,CYP3A4,4,4,full
OCNT-0454231-AA-001,CYP2J2,4,0,none
OCNT-0454231-AA-001,CYP3A4,4,2,partial
OCNT-0454249-AA-001,CYP2J2,4,0,none
OCNT-0454249-AA-001,CYP3A4,4,0,none
OCNT-0454251-AA-001,CYP2J2,4,0,none
OCNT-0454251-AA-001,CYP3A4,4,0,none
OCNT-0454253-AA-001,CYP2J2,4,0,none
OCNT-0454253-AA-001,CYP3A4,4,0,none
OCNT-0454255-AA-001,CYP2J2,4,0,none
OCNT-0454255-AA-001,CYP3A4,4,0,none
OCNT-0454257-AA-001,CYP2J2,4,0,none
OCNT-0454257-AA-001,CYP3A4,3,0,none
OCNT-0454261-AA-001,CYP2J2,4,0,none
OCNT-0454261-AA-001,CYP3A4,4,0,none
OCNT-0454263-AA-001,CYP2J2,4,0,none
OCNT-0454263-AA-001,CYP3A4,4,0,none
OCNT-0454281-AA-001,CYP2J2,4,0,none
OCNT-0454281-AA-001,CYP3A4,4,0,none
OCNT-0454283-AA-001,CYP2J2,4,0,none
OCNT-0454283-AA-001,CYP3A4,4,0,none
OCNT-0454287-AA-001,CYP2J2,4,0,none
OCNT-0454287-AA-001,CYP3A4,4,0,none
OCNT-0454289-AA-001,CYP2J2,4,0,none
OCNT-0454289-AA-001,CYP3A4,4,0,none
OCNT-0454291-AA-001,CYP2J2,4,0,none
OCNT-0454291-AA-001,CYP3A4,4,0,none
OCNT-0454315-AA-001,CYP2J2,4,0,none
OCNT-0454315-AA-001,CYP3A4,4,0,none
OCNT-0454320-AA-001,CYP2J2,4,0,none
OCNT-0454320-AA-001,CYP3A4,4,0,none
OCNT-0454326-AA-001,CYP2J2,4,0,none
OCNT-0454326-AA-001,CYP3A4,4,0,none
OCNT-0454333-AA-001,CYP2J2,4,0,none
OCNT-0454333-AA-001,CYP3A4,4,0,none
OCNT-0454371-AA-001,CYP2J2,4,0,none
OCNT-0454371-AA-001,CYP3A4,3,0,none
OCNT-0454376-AA-001,CYP2J2,4,0,none
OCNT-0454376-AA-001,CYP3A4,4,0,none
OCNT-0454403-AA-001,CYP2J2,4,0,none
OCNT-0454403-AA-001,CYP3A4,4,0,none
OCNT-0454415-AA-001,CYP2J2,3,0,none
OCNT-0454415-AA-001,CYP3A4,4,4,full
OCNT-0454435-AA-001,CYP2J2,4,0,none
OCNT-0454435-AA-001,CYP3A4,4,0,none
OCNT-0454445-AA-001,CYP2J2,4,0,none
OCNT-0454445-AA-001,CYP3A4,4,0,none
OCNT-0454454-AA-001,CYP2J2,4,0,none
OCNT-0454454-AA-001,CYP3A4,4,0,none
OCNT-0454455-AA-001,CYP2J2,4,0,none
OCNT-0454455-AA-001,CYP3A4,4,4,full
OCNT-0454474-AA-001,CYP2J2,4,0,none
OCNT-0454474-AA-001,CYP3A4,4,0,none
OCNT-0454477-AA-001,CYP2J2,4,0,none
OCNT-0454477-AA-001,CYP3A4,4,0,none
OCNT-0454506-AA-001,CYP2J2,4,0,none
OCNT-0454506-AA-001,CYP3A4,3,0,none
OCNT-0454509-AA-001,CYP2J2,4,0,none
OCNT-0454509-AA-001,CYP3A4,4,0,none
OCNT-0454517-AA-001,CYP2J2,4,0,none
OCNT-0454517-AA-001,CYP3A4,4,0,none
OCNT-0454518-AA-001,CYP2J2,3,0,none
OCNT-0454518-AA-001,CYP3A4,4,0,none
OCNT-0454521-AA-001,CYP2J2,4,0,none
OCNT-0454521-AA-001,CYP3A4,4,0,none
OCNT-0454524-AA-001,CYP2J2,4,0,none
OCNT-0454524-AA-001,CYP3A4,4,0,none
OCNT-0454525-AA-001,CYP2J2,3,3,full
OCNT-0454525-AA-001,CYP3A4,4,4,full
OCNT-0454526-AA-001,CYP2J2,4,0,none
OCNT-0454526-AA-001,CYP3A4,4,0,none
OCNT-0454527-AA-001,CYP2J2,4,4,full
OCNT-0454527-AA-001,CYP3A4,4,0,none
OCNT-0454529-AA-001,CYP2J2,4,3,partial
OCNT-0454529-AA-001,CYP3A4,4,3,partial
OCNT-0454538-AA-001,CYP2J2,4,0,none
OCNT-0454538-AA-001,CYP3A4,4,0,none
OCNT-0454552-AA-001,CYP2J2,4,0,none
OCNT-0454552-AA-001,CYP3A4,4,4,full
OCNT-0454587-AA-001,CYP2J2,4,0,none
OCNT-0454587-AA-001,CYP3A4,4,3,partial
OCNT-0454594-AA-001,CYP2J2,4,0,none
OCNT-0454594-AA-001,CYP3A4,4,0,none
OCNT-0454595-AA-001,CYP2J2,4,0,none
OCNT-0454595-AA-001,CYP3A4,3,0,none
OCNT-0454602-AA-001,CYP2J2,4,0,none
OCNT-0454602-AA-001,CYP3A4,4,0,none
OCNT-0454608-AA-001,CYP2J2,4,0,none
OCNT-0454608-AA-001,CYP3A4,4,4,full
OCNT-0454617-AA-001,CYP2J2,4,0,none
OCNT-0454617-AA-001,CYP3A4,3,2,partial
OCNT-0454626-AA-001,CYP2J2,4,0,none
OCNT-0454626-AA-001,CYP3A4,4,0,none
OCNT-0454634-AA-001,CYP2J2,4,0,none
OCNT-0454634-AA-001,CYP3A4,4,0,none
OCNT-0454638-AA-001,CYP2J2,4,0,none
OCNT-0454638-AA-001,CYP3A4,4,0,none
OCNT-0454674-AA-001,CYP2J2,4,0,none
OCNT-0454674-AA-001,CYP3A4,4,0,none
OCNT-0454678-AA-001,CYP2J2,4,0,none
OCNT-0454678-AA-001,CYP3A4,4,4,full
OCNT-0454685-AA-001,CYP2J2,4,0,none
OCNT-0454685-AA-001,CYP3A4,4,4,full
OCNT-0454702-AA-001,CYP2J2,4,0,none
OCNT-0454702-AA-001,CYP3A4,4,0,none
OCNT-0454708-AA-001,CYP2J2,4,2,partial
OCNT-0454708-AA-001,CYP3A4,4,0,none
OCNT-0454710-AA-001,CYP2J2,4,0,none
OCNT-0454710-AA-001,CYP3A4,4,0,none
OCNT-0454717-AA-001,CYP2J2,4,0,none
OCNT-0454717-AA-001,CYP3A4,4,0,none
OCNT-0454721-AA-001,CYP2J2,4,0,none
OCNT-0454721-AA-001,CYP3A4,4,4,full
OCNT-0454725-AA-001,CYP2J2,4,0,none
OCNT-0454725-AA-001,CYP3A4,4,0,none
OCNT-0454734-AA-001,CYP2J2,4,0,none
OCNT-0454734-AA-001,CYP3A4,3,0,none
OCNT-0454747-AA-001,CYP2J2,3,0,none
OCNT-0454747-AA-001,CYP3A4,4,0,none
OCNT-0454750-AA-001,CYP2J2,4,0,none
OCNT-0454750-AA-001,CYP3A4,4,0,none
OCNT-0454753-AA-001,CYP2J2,4,0,none
OCNT-0454753-AA-001,CYP3A4,4,2,partial
OCNT-0454778-AA-001,CYP2J2,4,0,none
OCNT-0454778-AA-001,CYP3A4,4,0,none
OCNT-0454780-AA-001,CYP2J2,4,0,none
OCNT-0454780-AA-001,CYP3A4,4,0,none
OCNT-0454781-AA-001,CYP2J2,4,0,none
OCNT-0454781-AA-001,CYP3A4,4,4,full
OCNT-0454782-AA-001,CYP2J2,4,0,none
OCNT-0454782-AA-001,CYP3A4,4,0,none
OCNT-0454784-AA-001,CYP2J2,4,0,none
OCNT-0454784-AA-001,CYP3A4,4,0,none
OCNT-0454792-AA-001,CYP2J2,4,0,none
OCNT-0454792-AA-001,CYP3A4,4,0,none
OCNT-0454827-AA-001,CYP2J2,4,0,none
OCNT-0454827-AA-001,CYP3A4,4,0,none
OCNT-0454831-AA-001,CYP2J2,4,0,none
OCNT-0454831-AA-001,CYP3A4,4,0,none
OCNT-0454835-AA-001,CYP2J2,4,0,none
OCNT-0454835-AA-001,CYP3A4,4,4,full
OCNT-0454840-AA-001,CYP2J2,4,0,none
OCNT-0454840-AA-001,CYP3A4,3,0,none
OCNT-0454842-AA-001,CYP2J2,4,0,none
OCNT-0454842-AA-001,CYP3A4,4,0,none
OCNT-0454845-AA-001,CYP2J2,4,0,none
OCNT-0454845-AA-001,CYP3A4,4,0,none
OCNT-0454847-AA-001,CYP2J2,4,0,none
OCNT-0454847-AA-001,CYP3A4,4,0,none
OCNT-0454848-AA-001,CYP2J2,4,0,none
OCNT-0454848-AA-001,CYP3A4,4,0,none
OCNT-0454851-AA-001,CYP2J2,4,0,none
OCNT-0454851-AA-001,CYP3A4,3,0,none
OCNT-0454857-AA-001,CYP2J2,4,0,none
OCNT-0454857-AA-001,CYP3A4,4,0,none
OCNT-0454859-AA-001,CYP2J2,4,0,none
OCNT-0454859-AA-001,CYP3A4,4,0,none
OCNT-0454860-AA-001,CYP2J2,4,0,none
OCNT-0454860-AA-001,CYP3A4,4,0,none
OCNT-0454862-AA-001,CYP2J2,4,0,none
OCNT-0454862-AA-001,CYP3A4,4,0,none
OCNT-0454864-AA-001,CYP2J2,4,0,none
OCNT-0454864-AA-001,CYP3A4,4,0,none
OCNT-0454866-AA-001,CYP2J2,4,0,none
OCNT-0454866-AA-001,CYP3A4,4,0,none
OCNT-0454868-AA-001,CYP2J2,4,0,none
OCNT-0454868-AA-001,CYP3A4,4,0,none
OCNT-0454869-AA-001,CYP2J2,4,0,none
OCNT-0454869-AA-001,CYP3A4,4,0,none
OCNT-0454870-AA-001,CYP2J2,4,0,none
OCNT-0454870-AA-001,CYP3A4,3,0,none
OCNT-0454871-AA-001,CYP2J2,4,0,none
OCNT-0454871-AA-001,CYP3A4,4,0,none
OCNT-0454872-AA-001,CYP2J2,4,0,none
OCNT-0454872-AA-001,CYP3A4,4,0,none
OCNT-0454876-AA-001,CYP2J2,4,0,none
OCNT-0454876-AA-001,CYP3A4,4,4,full
OCNT-0454879-AA-001,CYP2J2,4,0,none
OCNT-0454879-AA-001,CYP3A4,4,2,partial
OCNT-0454884-AA-001,CYP2J2,4,2,partial
OCNT-0454884-AA-001,CYP3A4,4,2,partial
OCNT-0454889-AA-001,CYP2J2,4,0,none
OCNT-0454889-AA-001,CYP3A4,4,0,none
OCNT-0454890-AA-001,CYP2J2,4,0,none
OCNT-0454890-AA-001,CYP3A4,4,3,partial
OCNT-0454892-AA-001,CYP2J2,4,0,none
OCNT-0454892-AA-001,CYP3A4,4,0,none
OCNT-0454895-AA-001,CYP2J2,4,0,none
OCNT-0454895-AA-001,CYP3A4,4,3,partial
OCNT-0454897-AA-001,CYP2J2,4,0,none
OCNT-0454897-AA-001,CYP3A4,4,0,none
OCNT-0454899-AA-001,CYP2J2,4,0,none
OCNT-0454899-AA-001,CYP3A4,4,0,none
OCNT-0454901-AA-001,CYP2J2,4,0,none
OCNT-0454901-AA-001,CYP3A4,4,0,none
OCNT-0454902-AA-001,CYP2J2,4,0,none
OCNT-0454902-AA-001,CYP3A4,4,0,none
OCNT-0454903-AA-001,CYP2J2,4,0,none
OCNT-0454903-AA-001,CYP3A4,4,0,none
OCNT-0454906-AA-001,CYP2J2,4,4,full
OCNT-0454906-AA-001,CYP3A4,4,0,none
OCNT-0454910-AA-001,CYP2J2,4,0,none
OCNT-0454910-AA-001,CYP3A4,4,0,none
OCNT-0454912-AA-001,CYP2J2,3,0,none
OCNT-0454912-AA-001,CYP3A4,4,4,full
OCNT-0454916-AA-001,CYP2J2,4,0,none
OCNT-0454916-AA-001,CYP3A4,4,0,none
OCNT-0454918-AA-001,CYP2J2,4,0,none
OCNT-0454918-AA-001,CYP3A4,4,0,none
OCNT-0454921-AA-001,CYP2J2,4,0,none
OCNT-0454921-AA-001,CYP3A4,4,0,none
OCNT-0454922-AA-001,CYP2J2,4,0,none
OCNT-0454922-AA-001,CYP3A4,4,4,full
OCNT-0454929-AA-001,CYP2J2,4,0,none
OCNT-0454929-AA-001,CYP3A4,4,0,none
OCNT-0454931-AA-001,CYP2J2,4,0,none
OCNT-0454931-AA-001,CYP3A4,4,0,none
OCNT-0454932-AA-001,CYP2J2,4,0,none
OCNT-0454932-AA-001,CYP3A4,4,4,full
OCNT-0454936-AA-001,CYP2J2,3,0,none
OCNT-0454936-AA-001,CYP3A4,4,4,full
OCNT-0454939-AA-001,CYP2J2,4,0,none
OCNT-0454939-AA-001,CYP3A4,4,0,none
OCNT-0454970-AA-001,CYP2J2,4,0,none
OCNT-0454970-AA-001,CYP3A4,4,4,full
OCNT-0454980-AA-001,CYP2J2,4,0,none
OCNT-0454980-AA-001,CYP3A4,4,0,none
OCNT-0454987-AA-001,CYP2J2,4,0,none
OCNT-0454987-AA-001,CYP3A4,4,4,full
OCNT-0454989-AA-001,CYP2J2,4,0,none
OCNT-0454989-AA-001,CYP3A4,3,3,full
OCNT-0454997-AA-001,CYP2J2,4,0,none
OCNT-0454997-AA-001,CYP3A4,4,0,none
OCNT-0455003-AA-001,CYP2J2,4,0,none
OCNT-0455003-AA-001,CYP3A4,4,4,full
OCNT-0455007-AA-001,CYP2J2,4,0,none
OCNT-0455007-AA-001,CYP3A4,4,0,none
OCNT-0455012-AA-001,CYP2J2,4,0,none
OCNT-0455012-AA-001,CYP3A4,4,4,full
OCNT-0455026-AA-001,CYP2J2,4,0,none
OCNT-0455026-AA-001,CYP3A4,4,0,none
OCNT-0455046-AA-001,CYP2J2,4,0,none
OCNT-0455046-AA-001,CYP3A4,4,0,none
OCNT-0455058-AA-001,CYP2J2,4,0,none
OCNT-0455058-AA-001,CYP3A4,3,0,none
OCNT-0455070-AA-001,CYP2J2,4,0,none
OCNT-0455070-AA-001,CYP3A4,4,4,full
OCNT-0455078-AA-001,CYP2J2,4,0,none
OCNT-0455078-AA-001,CYP3A4,4,4,full
OCNT-0455082-AA-001,CYP2J2,4,0,none
OCNT-0455082-AA-001,CYP3A4,4,3,partial
OCNT-0455084-AA-001,CYP2J2,4,0,none
OCNT-0455084-AA-001,CYP3A4,4,4,full
OCNT-0455086-AA-001,CYP2J2,4,0,none
OCNT-0455086-AA-001,CYP3A4,4,4,full
OCNT-0455088-AA-001,CYP2J2,4,0,none
OCNT-0455088-AA-001,CYP3A4,3,3,full
OCNT-0455090-AA-001,CYP2J2,4,0,none
OCNT-0455090-AA-001,CYP3A4,4,0,none
OCNT-0455094-AA-001,CYP2J2,4,0,none
OCNT-0455094-AA-001,CYP3A4,4,4,full
OCNT-0455100-AA-001,CYP2J2,4,0,none
OCNT-0455100-AA-001,CYP3A4,4,4,full
OCNT-0455102-AA-001,CYP2J2,4,0,none
OCNT-0455102-AA-001,CYP3A4,4,4,full
OCNT-0455112-AA-001,CYP2J2,4,0,none
OCNT-0455112-AA-001,CYP3A4,4,0,none
OCNT-0455116-AA-001,CYP2J2,4,0,none
OCNT-0455116-AA-001,CYP3A4,4,4,full
OCNT-0455118-AA-001,CYP2J2,4,0,none
OCNT-0455118-AA-001,CYP3A4,3,2,partial
OCNT-0455120-AA-001,CYP2J2,4,0,none
OCNT-0455120-AA-001,CYP3A4,4,0,none
OCNT-0455122-AA-001,CYP2J2,4,0,none
OCNT-0455122-AA-001,CYP3A4,4,0,none
OCNT-0455126-AA-001,CYP2J2,4,0,none
OCNT-0455126-AA-001,CYP3A4,4,3,partial
OCNT-0455834-AA-001,CYP2J2,4,0,none
OCNT-0455834-AA-001,CYP3A4,4,2,partial
OCNT-0455853-AA-001,CYP2J2,4,0,none
OCNT-0455853-AA-001,CYP3A4,4,0,none
OCNT-0455855-AA-001,CYP2J2,4,0,none
OCNT-0455855-AA-001,CYP3A4,4,0,none
OCNT-0455861-AA-001,CYP2J2,4,0,none
OCNT-0455861-AA-001,CYP3A4,4,4,full
OCNT-0455932-AA-001,CYP2J2,4,0,none
OCNT-0455932-AA-001,CYP3A4,4,0,none
OCNT-0455940-AA-001,CYP2J2,4,0,none
OCNT-0455940-AA-001,CYP3A4,4,2,partial
OCNT-0455964-AA-001,CYP2J2,4,0,none
OCNT-0455964-AA-001,CYP3A4,4,0,none
OCNT-0455988-AA-001,CYP2J2,4,0,none
OCNT-0455988-AA-001,CYP3A4,4,3,partial
OCNT-0455990-AA-001,CYP2J2,4,2,partial
OCNT-0455990-AA-001,CYP3A4,4,0,none
OCNT-0456008-AA-001,CYP2J2,4,4,full
OCNT-0456008-AA-001,CYP3A4,4,0,none
OCNT-0456010-AA-001,CYP2J2,4,0,none
OCNT-0456010-AA-001,CYP3A4,4,0,none
OCNT-0456012-AA-001,CYP2J2,4,0,none
OCNT-0456012-AA-001,CYP3A4,4,0,none
OCNT-0456014-AA-001,CYP2J2,4,0,none
OCNT-0456014-AA-001,CYP3A4,4,0,none
OCNT-0456022-AA-001,CYP2J2,4,0,none
OCNT-0456022-AA-001,CYP3A4,4,0,none
OCNT-0456054-AA-001,CYP2J2,4,0,none
OCNT-0456054-AA-001,CYP3A4,4,0,none
OCNT-0456072-AA-001,CYP2J2,4,0,none
OCNT-0456072-AA-001,CYP3A4,4,0,none
OCNT-0456140-AA-001,CYP2J2,4,0,none
OCNT-0456140-AA-001,CYP3A4,3,2,partial
OCNT-0456142-AA-001,CYP2J2,4,0,none
OCNT-0456142-AA-001,CYP3A4,3,3,full
OCNT-0456144-AA-001,CYP2J2,4,0,none
OCNT-0456144-AA-001,CYP3A4,4,0,none
OCNT-0456158-AA-001,CYP2J2,4,0,none
OCNT-0456158-AA-001,CYP3A4,4,3,partial
OCNT-0456160-AA-001,CYP2J2,4,0,none
OCNT-0456160-AA-001,CYP3A4,4,3,partial
OCNT-0456162-AA-001,CYP2J2,4,0,none
OCNT-0456162-AA-001,CYP3A4,4,4,full
OCNT-0456166-AA-001,CYP2J2,4,4,full
OCNT-0456166-AA-001,CYP3A4,4,4,full
OCNT-0456180-AA-001,CYP2J2,4,0,none
OCNT-0456180-AA-001,CYP3A4,4,2,partial
OCNT-0456186-AA-001,CYP2J2,4,0,none
OCNT-0456186-AA-001,CYP3A4,4,0,none
OCNT-0456188-AA-001,CYP2J2,4,0,none
OCNT-0456188-AA-001,CYP3A4,4,4,full
OCNT-0456192-AA-001,CYP2J2,4,0,none
OCNT-0456192-AA-001,CYP3A4,4,4,full
OCNT-0456204-AA-001,CYP2J2,4,0,none
OCNT-0456204-AA-001,CYP3A4,4,4,full
OCNT-0456206-AA-001,CYP2J2,4,0,none
OCNT-0456206-AA-001,CYP3A4,4,0,none
OCNT-0456208-AA-001,CYP2J2,4,0,none
OCNT-0456208-AA-001,CYP3A4,4,0,none
OCNT-0456212-AA-001,CYP2J2,4,0,none
OCNT-0456212-AA-001,CYP3A4,4,0,none
OCNT-0456220-AA-001,CYP2J2,4,0,none
OCNT-0456220-AA-001,CYP3A4,4,0,none
OCNT-0456226-AA-001,CYP2J2,4,3,partial
OCNT-0456226-AA-001,CYP3A4,4,3,partial
OCNT-0456228-AA-001,CYP2J2,4,0,none
OCNT-0456228-AA-001,CYP3A4,4,4,full
OCNT-0456230-AA-001,CYP2J2,4,0,none
OCNT-0456230-AA-001,CYP3A4,4,4,full
OCNT-0456234-AA-001,CYP2J2,4,0,none
OCNT-0456234-AA-001,CYP3A4,4,0,none
OCNT-0456250-AA-001,CYP2J2,4,3,partial
OCNT-0456250-AA-001,CYP3A4,4,0,none
OCNT-0456252-AA-001,CYP2J2,4,0,none
OCNT-0456252-AA-001,CYP3A4,4,0,none
OCNT-0456282-AA-001,CYP2J2,4,0,none
OCNT-0456282-AA-001,CYP3A4,4,0,none
OCNT-0456289-AA-001,CYP2J2,4,0,none
OCNT-0456289-AA-001,CYP3A4,4,0,none
OCNT-0456298-AQ-001,CYP2J2,4,0,none
OCNT-0456298-AQ-001,CYP3A4,4,0,none
OCNT-0456304-AA-001,CYP2J2,4,0,none
OCNT-0456304-AA-001,CYP3A4,4,0,none
OCNT-0456306-AA-001,CYP2J2,4,0,none
OCNT-0456306-AA-001,CYP3A4,4,4,full
OCNT-0456310-AA-001,CYP2J2,3,0,none
OCNT-0456310-AA-001,CYP3A4,3,0,none
OCNT-0456312-AA-001,CYP2J2,4,0,none
OCNT-0456312-AA-001,CYP3A4,4,0,none
OCNT-0456315-AA-001,CYP2J2,4,0,none
OCNT-0456315-AA-001,CYP3A4,4,4,full
OCNT-0456321-AA-001,CYP2J2,4,0,none
OCNT-0456321-AA-001,CYP3A4,4,0,none
OCNT-0456328-AA-001,CYP2J2,4,0,none
OCNT-0456328-AA-001,CYP3A4,3,0,none
OCNT-0456349-AA-001,CYP2J2,4,0,none
OCNT-0456349-AA-001,CYP3A4,4,0,none
OCNT-0456376-AA-001,CYP2J2,4,0,none
OCNT-0456376-AA-001,CYP3A4,4,0,none
OCNT-0456378-AA-001,CYP2J2,4,0,none
OCNT-0456378-AA-001,CYP3A4,4,0,none
OCNT-0456380-AA-001,CYP2J2,4,0,none
OCNT-0456380-AA-001,CYP3A4,4,0,none
OCNT-0456384-AA-001,CYP2J2,4,0,none
OCNT-0456384-AA-001,CYP3A4,4,0,none
OCNT-0456386-AA-001,CYP2J2,4,0,none
OCNT-0456386-AA-001,CYP3A4,4,0,none
OCNT-0456388-AA-001,CYP2J2,4,0,none
OCNT-0456388-AA-001,CYP3A4,4,0,none
OCNT-0456473-AA-001,CYP2J2,4,0,none
OCNT-0456473-AA-001,CYP3A4,4,2,partial
OCNT-0456479-AA-001,CYP2J2,4,0,none
OCNT-0456479-AA-001,CYP3A4,4,4,full
OCNT-0456507-AA-001,CYP2J2,4,2,partial
OCNT-0456507-AA-001,CYP3A4,4,4,full
OCNT-0456571-AA-001,CYP2J2,4,0,none
OCNT-0456571-AA-001,CYP3A4,4,0,none
OCNT-0456667-AA-001,CYP2J2,4,0,none
OCNT-0456667-AA-001,CYP3A4,4,0,none
OCNT-0456671-AA-001,CYP2J2,4,0,none
OCNT-0456671-AA-001,CYP3A4,4,4,full
OCNT-0456677-AA-001,CYP2J2,4,0,none
OCNT-0456677-AA-001,CYP3A4,4,3,partial
OCNT-0456679-AA-001,CYP2J2,4,0,none
OCNT-0456679-AA-001,CYP3A4,4,0,none
OCNT-0456763-AA-001,CYP2J2,4,0,none
OCNT-0456763-AA-001,CYP3A4,4,0,none
OCNT-0456785-AA-001,CYP2J2,4,0,none
OCNT-0456785-AA-001,CYP3A4,3,0,none
OCNT-0456791-AA-001,CYP2J2,4,0,none
OCNT-0456791-AA-001,CYP3A4,4,0,none
OCNT-0456809-AA-001,CYP2J2,4,0,none
OCNT-0456809-AA-001,CYP3A4,4,0,none
OCNT-0456810-AA-001,CYP2J2,4,0,none
OCNT-0456810-AA-001,CYP3A4,4,0,none
OCNT-0456811-AA-001,CYP2J2,4,0,none
OCNT-0456811-AA-001,CYP3A4,4,0,none
OCNT-0456812-AA-001,CYP2J2,4,0,none
OCNT-0456812-AA-001,CYP3A4,4,0,none
OCNT-0456813-AA-001,CYP2J2,4,0,none
OCNT-0456813-AA-001,CYP3A4,4,3,partial
OCNT-0456815-AA-001,CYP2J2,4,0,none
OCNT-0456815-AA-001,CYP3A4,4,0,none
OCNT-0456864-AA-001,CYP2J2,4,0,none
OCNT-0456864-AA-001,CYP3A4,4,0,none
OCNT-0456866-AA-001,CYP2J2,4,0,none
OCNT-0456866-AA-001,CYP3A4,4,0,none
OCNT-0456890-AA-001,CYP2J2,4,0,none
OCNT-0456890-AA-001,CYP3A4,4,0,none
OCNT-0456894-AA-001,CYP2J2,4,0,none
OCNT-0456894-AA-001,CYP3A4,4,0,none
OCNT-0456896-AA-001,CYP2J2,4,0,none
OCNT-0456896-AA-001,CYP3A4,3,3,full
OCNT-0456898-AA-001,CYP2J2,4,0,none
OCNT-0456898-AA-001,CYP3A4,4,0,none
OCNT-0456952-AA-001,CYP2J2,4,0,none
OCNT-0456952-AA-001,CYP3A4,4,0,none
OCNT-0456954-AA-001,CYP2J2,4,0,none
OCNT-0456954-AA-001,CYP3A4,4,0,none
OCNT-0456958-AA-001,CYP2J2,4,0,none
OCNT-0456958-AA-001,CYP3A4,4,0,none
OCNT-0456960-AA-001,CYP2J2,4,0,none
OCNT-0456960-AA-001,CYP3A4,3,0,none
OCNT-0456962-AA-001,CYP2J2,4,0,none
OCNT-0456962-AA-001,CYP3A4,4,0,none
OCNT-0456964-AA-001,CYP2J2,4,0,none
OCNT-0456964-AA-001,CYP3A4,4,0,none
OCNT-0456976-AA-001,CYP2J2,4,0,none
OCNT-0456976-AA-001,CYP3A4,4,0,none
OCNT-0456978-AA-001,CYP2J2,4,0,none
OCNT-0456978-AA-001,CYP3A4,4,0,none
OCNT-0456984-AA-001,CYP2J2,4,0,none
OCNT-0456984-AA-001,CYP3A4,4,0,none
OCNT-0456986-AA-001,CYP2J2,4,0,none
OCNT-0456986-AA-001,CYP3A4,4,0,none
OCNT-0456988-AA-001,CYP2J2,4,0,none
OCNT-0456988-AA-001,CYP3A4,4,0,none
OCNT-0456990-AA-001,CYP2J2,4,0,none
OCNT-0456990-AA-001,CYP3A4,4,0,none
OCNT-0457008-AA-001,CYP2J2,4,0,none
OCNT-0457008-AA-001,CYP3A4,4,2,partial
OCNT-0457012-AA-001,CYP2J2,4,0,none
OCNT-0457012-AA-001,CYP3A4,4,0,none
OCNT-0457040-AA-001,CYP2J2,4,0,none
OCNT-0457040-AA-001,CYP3A4,4,0,none
OCNT-0457042-AA-001,CYP2J2,4,0,none
OCNT-0457042-AA-001,CYP3A4,4,4,full
OCNT-0457077-AA-001,CYP2J2,4,0,none
OCNT-0457077-AA-001,CYP3A4,4,0,none
OCNT-0457081-AA-001,CYP2J2,4,0,none
OCNT-0457081-AA-001,CYP3A4,4,4,full
OCNT-0457204-AA-001,CYP2J2,4,0,none
OCNT-0457204-AA-001,CYP3A4,4,0,none
OCNT-0457236-AA-001,CYP2J2,4,0,none
OCNT-0457236-AA-001,CYP3A4,4,0,none
OCNT-0457347-AA-001,CYP2J2,4,0,none
OCNT-0457347-AA-001,CYP3A4,4,4,full
OCNT-0457413-AA-001,CYP2J2,4,0,none
OCNT-0457413-AA-001,CYP3A4,4,0,none
OCNT-0457419-AA-001,CYP2J2,4,0,none
OCNT-0457419-AA-001,CYP3A4,4,0,none
OCNT-0457420-AA-001,CYP2J2,4,0,none
OCNT-0457420-AA-001,CYP3A4,4,0,none
OCNT-0457422-AA-001,CYP2J2,4,0,none
OCNT-0457422-AA-001,CYP3A4,4,0,none
OCNT-0457426-AA-001,CYP2J2,4,0,none
OCNT-0457426-AA-001,CYP3A4,4,0,none
OCNT-0457465-AA-001,CYP2J2,4,0,none
OCNT-0457465-AA-001,CYP3A4,3,3,full
OCNT-0457529-AA-001,CYP2J2,4,0,none
OCNT-0457529-AA-001,CYP3A4,4,0,none
OCNT-0457554-AA-001,CYP2J2,4,0,none
OCNT-0457554-AA-001,CYP3A4,4,4,full
OCNT-0457579-AA-001,CYP2J2,4,0,none
OCNT-0457579-AA-001,CYP3A4,3,0,none
OCNT-0457613-AA-001,CYP2J2,4,0,none
OCNT-0457613-AA-001,CYP3A4,4,0,none
OCNT-0457615-AA-001,CYP2J2,4,0,none
OCNT-0457615-AA-001,CYP3A4,4,0,none
OCNT-0457633-AA-001,CYP2J2,4,0,none
OCNT-0457633-AA-001,CYP3A4,4,0,none
OCNT-0457635-AA-001,CYP2J2,4,0,none
OCNT-0457635-AA-001,CYP3A4,4,0,none
OCNT-0457647-AA-001,CYP2J2,4,0,none
OCNT-0457647-AA-001,CYP3A4,4,0,none
OCNT-0457656-AA-001,CYP2J2,4,0,none
OCNT-0457656-AA-001,CYP3A4,4,0,none
OCNT-0457658-AA-001,CYP2J2,4,0,none
OCNT-0457658-AA-001,CYP3A4,4,0,none
OCNT-0457672-AA-001,CYP2J2,4,0,none
OCNT-0457672-AA-001,CYP3A4,4,4,full
OCNT-0457679-AA-001,CYP2J2,4,0,none
OCNT-0457679-AA-001,CYP3A4,4,0,none
OCNT-0457698-AA-001,CYP2J2,4,0,none
OCNT-0457698-AA-001,CYP3A4,4,0,none
OCNT-0457712-AA-001,CYP2J2,4,0,none
OCNT-0457712-AA-001,CYP3A4,3,2,partial
OCNT-0457715-AA-001,CYP2J2,4,0,none
OCNT-0457715-AA-001,CYP3A4,4,0,none
OCNT-0457736-CN-001,CYP2J2,4,0,none
OCNT-0457736-CN-001,CYP3A4,4,0,none
OCNT-0457739-AA-001,CYP2J2,4,0,none
OCNT-0457739-AA-001,CYP3A4,4,1,partial
OCNT-0457748-AA-001,CYP2J2,4,0,none
OCNT-0457748-AA-001,CYP3A4,4,0,none
OCNT-0457772-AA-001,CYP2J2,4,0,none
OCNT-0457772-AA-001,CYP3A4,4,0,none
OCNT-0457777-AA-001,CYP2J2,4,0,none
OCNT-0457777-AA-001,CYP3A4,4,0,none
OCNT-0457791-AA-001,CYP2J2,4,0,none
OCNT-0457791-AA-001,CYP3A4,4,0,none
OCNT-0457802-AA-001,CYP2J2,4,0,none
OCNT-0457802-AA-001,CYP3A4,4,0,none
OCNT-0457821-AA-001,CYP2J2,4,0,none
OCNT-0457821-AA-001,CYP3A4,4,0,none
OCNT-0457829-AA-001,CYP2J2,4,0,none
OCNT-0457829-AA-001,CYP3A4,4,0,none
OCNT-0457842-AA-001,CYP2J2,4,0,none
OCNT-0457842-AA-001,CYP3A4,4,0,none
OCNT-0457845-AA-001,CYP2J2,4,0,none
OCNT-0457845-AA-001,CYP3A4,4,0,none
OCNT-0457878-AA-001,CYP2J2,4,0,none
OCNT-0457878-AA-001,CYP3A4,4,0,none
OCNT-0457895-AA-001,CYP2J2,4,0,none
OCNT-0457895-AA-001,CYP3A4,4,0,none
OCNT-0457908-AA-001,CYP2J2,4,0,none
OCNT-0457908-AA-001,CYP3A4,4,0,none
OCNT-0457919-AA-001,CYP2J2,4,0,none
OCNT-0457919-AA-001,CYP3A4,4,0,none
OCNT-0457930-AA-001,CYP2J2,4,0,none
OCNT-0457930-AA-001,CYP3A4,4,0,none
OCNT-0457966-AA-001,CYP2J2,4,0,none
OCNT-0457966-AA-001,CYP3A4,4,0,none
OCNT-0457980-AA-001,CYP2J2,4,0,none
OCNT-0457980-AA-001,CYP3A4,4,0,none
OCNT-0457982-AA-001,CYP2J2,4,0,none
OCNT-0457982-AA-001,CYP3A4,4,0,none
OCNT-0457986-AA-001,CYP2J2,4,0,none
OCNT-0457986-AA-001,CYP3A4,4,3,partial
OCNT-0457992-AA-001,CYP2J2,4,0,none
OCNT-0457992-AA-001,CYP3A4,4,0,none
OCNT-0458015-AA-001,CYP2J2,4,0,none
OCNT-0458015-AA-001,CYP3A4,4,0,none
OCNT-0458020-CN-001,CYP2J2,4,0,none
OCNT-0458020-CN-001,CYP3A4,4,0,none
OCNT-0458025-AA-001,CYP2J2,4,0,none
OCNT-0458025-AA-001,CYP3A4,4,0,none
OCNT-0458027-AA-001,CYP2J2,4,0,none
OCNT-0458027-AA-001,CYP3A4,4,0,none
OCNT-0458076-AA-001,CYP2J2,4,0,none
OCNT-0458076-AA-001,CYP3A4,4,4,full
OCNT-0458078-AA-001,CYP2J2,4,2,partial
OCNT-0458078-AA-001,CYP3A4,4,0,none
OCNT-0458184-AA-001,CYP2J2,4,0,none
OCNT-0458184-AA-001,CYP3A4,4,0,none
OCNT-0458275-AA-001,CYP2J2,4,0,none
OCNT-0458275-AA-001,CYP3A4,4,0,none
OCNT-0458307-AA-001,CYP2J2,4,0,none
OCNT-0458307-AA-001,CYP3A4,4,0,none
OCNT-0458309-AA-001,CYP2J2,4,0,none
OCNT-0458309-AA-001,CYP3A4,4,0,none
OCNT-0458336-AA-001,CYP2J2,4,0,none
OCNT-0458336-AA-001,CYP3A4,3,0,none
OCNT-0458364-AA-001,CYP2J2,4,0,none
OCNT-0458364-AA-001,CYP3A4,4,0,none
OCNT-0458388-AA-001,CYP2J2,4,0,none
OCNT-0458388-AA-001,CYP3A4,4,3,partial
OCNT-0458394-AA-001,CYP2J2,4,0,none
OCNT-0458394-AA-001,CYP3A4,4,0,none
OCNT-0458398-AA-001,CYP2J2,4,0,none
OCNT-0458398-AA-001,CYP3A4,4,0,none
OCNT-0458408-AA-001,CYP2J2,4,0,none
OCNT-0458408-AA-001,CYP3A4,4,0,none
OCNT-0458432-AA-001,CYP2J2,4,0,none
OCNT-0458432-AA-001,CYP3A4,4,0,none
OCNT-0458447-AA-001,CYP2J2,4,0,none
OCNT-0458447-AA-001,CYP3A4,4,0,none
OCNT-0458448-AA-001,CYP2J2,4,0,none
OCNT-0458448-AA-001,CYP3A4,4,0,none
OCNT-0458456-AA-001,CYP2J2,4,0,none
OCNT-0458456-AA-001,CYP3A4,4,2,partial
OCNT-0458458-AA-001,CYP2J2,4,0,none
OCNT-0458458-AA-001,CYP3A4,4,0,none
OCNT-0458462-AA-001,CYP2J2,4,0,none
OCNT-0458462-AA-001,CYP3A4,4,0,none
OCNT-0458485-AA-001,CYP2J2,4,0,none
OCNT-0458485-AA-001,CYP3A4,4,0,none
OCNT-0458500-AA-001,CYP2J2,4,0,none
OCNT-0458500-AA-001,CYP3A4,4,0,none
OCNT-0458511-AA-001,CYP2J2,4,0,none
OCNT-0458511-AA-001,CYP3A4,4,2,partial
OCNT-0458524-AA-001,CYP2J2,4,0,none
OCNT-0458524-AA-001,CYP3A4,4,0,none
OCNT-0458549-AA-001,CYP2J2,4,0,none
OCNT-0458549-AA-001,CYP3A4,4,0,none
OCNT-0458556-AA-001,CYP2J2,4,0,none
OCNT-0458556-AA-001,CYP3A4,4,4,full
OCNT-0458566-AA-001,CYP2J2,4,0,none
OCNT-0458566-AA-001,CYP3A4,4,0,none
OCNT-0458584-AA-001,CYP2J2,4,0,none
OCNT-0458584-AA-001,CYP3A4,4,0,none
OCNT-0458586-AA-001,CYP2J2,4,0,none
OCNT-0458586-AA-001,CYP3A4,4,3,partial
OCNT-0458590-AA-001,CYP2J2,4,0,none
OCNT-0458590-AA-001,CYP3A4,4,0,none
OCNT-0458642-AA-001,CYP2J2,4,0,none
OCNT-0458642-AA-001,CYP3A4,4,0,none
OCNT-0458648-AA-001,CYP2J2,4,0,none
OCNT-0458648-AA-001,CYP3A4,4,0,none
OCNT-0458649-AA-001,CYP2J2,4,0,none
OCNT-0458649-AA-001,CYP3A4,4,0,none
OCNT-0458654-AA-001,CYP2J2,4,0,none
OCNT-0458654-AA-001,CYP3A4,4,0,none
OCNT-0458656-AA-001,CYP2J2,4,0,none
OCNT-0458656-AA-001,CYP3A4,4,0,none
OCNT-0458660-AA-001,CYP2J2,4,0,none
OCNT-0458660-AA-001,CYP3A4,4,0,none
OCNT-0458661-AA-001,CYP2J2,4,0,none
OCNT-0458661-AA-001,CYP3A4,4,0,none
OCNT-0458662-AA-001,CYP2J2,4,0,none
OCNT-0458662-AA-001,CYP3A4,4,3,partial
OCNT-0459973-AA-001,CYP2J2,4,0,none
OCNT-0459973-AA-001,CYP3A4,4,0,none
OCNT-0459975-AA-001,CYP2J2,4,0,none
OCNT-0459975-AA-001,CYP3A4,4,4,full
OCNT-0460157-AA-001,CYP2J2,4,0,none
OCNT-0460157-AA-001,CYP3A4,4,0,none
OCNT-0460159-AA-001,CYP2J2,4,0,none
OCNT-0460159-AA-001,CYP3A4,4,0,none
OCNT-0460161-AA-001,CYP2J2,4,0,none
OCNT-0460161-AA-001,CYP3A4,4,0,none
OCNT-0460163-AA-001,CYP2J2,4,0,none
OCNT-0460163-AA-001,CYP3A4,4,3,partial
OCNT-0460165-AA-001,CYP2J2,4,0,none
OCNT-0460165-AA-001,CYP3A4,4,0,none
OCNT-0460167-AA-001,CYP2J2,4,0,none
OCNT-0460167-AA-001,CYP3A4,4,0,none
OCNT-0460177-AA-001,CYP2J2,4,0,none
OCNT-0460177-AA-001,CYP3A4,4,0,none
OCNT-0460185-AA-001,CYP2J2,4,0,none
OCNT-0460185-AA-001,CYP3A4,4,3,partial
OCNT-0460203-AA-001,CYP2J2,4,0,none
OCNT-0460203-AA-001,CYP3A4,4,4,full
OCNT-0460205-AA-001,CYP2J2,4,0,none
OCNT-0460205-AA-001,CYP3A4,4,3,partial
OCNT-0460207-AA-001,CYP2J2,4,0,none
OCNT-0460207-AA-001,CYP3A4,4,4,full
OCNT-0460225-AA-001,CYP2J2,4,0,none
OCNT-0460225-AA-001,CYP3A4,4,0,none
OCNT-0460227-AA-001,CYP2J2,4,0,none
OCNT-0460227-AA-001,CYP3A4,4,0,none
OCNT-0460287-AA-001,CYP2J2,4,0,none
OCNT-0460287-AA-001,CYP3A4,4,0,none
OCNT-0460293-AA-001,CYP2J2,4,0,none
OCNT-0460293-AA-001,CYP3A4,4,0,none
OCNT-0460299-AA-001,CYP2J2,4,0,none
OCNT-0460299-AA-001,CYP3A4,4,0,none
OCNT-0460301-AA-001,CYP2J2,4,0,none
OCNT-0460301-AA-001,CYP3A4,4,2,partial
OCNT-0460303-AA-001,CYP2J2,4,0,none
OCNT-0460303-AA-001,CYP3A4,4,0,none
OCNT-0460305-AA-001,CYP2J2,4,0,none
OCNT-0460305-AA-001,CYP3A4,4,0,none
OCNT-0460307-AA-001,CYP2J2,4,0,none
OCNT-0460307-AA-001,CYP3A4,4,3,partial
OCNT-0460309-AA-001,CYP2J2,4,0,none
OCNT-0460309-AA-001,CYP3A4,4,4,full
OCNT-0460315-AA-001,CYP2J2,4,0,none
OCNT-0460315-AA-001,CYP3A4,4,0,none
OCNT-0460317-AA-001,CYP2J2,4,0,none
OCNT-0460317-AA-001,CYP3A4,4,0,none
OCNT-0460331-AA-001,CYP2J2,4,0,none
OCNT-0460331-AA-001,CYP3A4,4,2,partial
OCNT-0460333-AA-001,CYP2J2,4,0,none
OCNT-0460333-AA-001,CYP3A4,4,0,none
OCNT-0460335-AA-001,CYP2J2,4,0,none
OCNT-0460335-AA-001,CYP3A4,4,0,none
OCNT-0460345-AA-001,CYP2J2,4,0,none
OCNT-0460345-AA-001,CYP3A4,4,0,none
OCNT-0460349-AA-001,CYP2J2,4,0,none
OCNT-0460349-AA-001,CYP3A4,4,4,full
OCNT-0460353-AA-001,CYP2J2,4,0,none
OCNT-0460353-AA-001,CYP3A4,4,0,none
OCNT-0460379-AA-001,CYP2J2,4,0,none
OCNT-0460379-AA-001,CYP3A4,3,2,partial
OCNT-0460381-AA-001,CYP2J2,4,0,none
OCNT-0460381-AA-001,CYP3A4,4,0,none
OCNT-0460385-AA-001,CYP2J2,4,0,none
OCNT-0460385-AA-001,CYP3A4,4,0,none
OCNT-0460391-AA-001,CYP2J2,4,0,none
OCNT-0460391-AA-001,CYP3A4,4,0,none
OCNT-0460409-AA-001,CYP2J2,4,0,none
OCNT-0460409-AA-001,CYP3A4,4,0,none
OCNT-0460411-AA-001,CYP2J2,4,0,none
OCNT-0460411-AA-001,CYP3A4,4,0,none
OCNT-0460413-AA-001,CYP2J2,4,0,none
OCNT-0460413-AA-001,CYP3A4,4,4,full
OCNT-0460492-AA-001,CYP2J2,4,0,none
OCNT-0460492-AA-001,CYP3A4,4,0,none
OCNT-0460612-AA-001,CYP2J2,4,0,none
OCNT-0460612-AA-001,CYP3A4,4,3,partial
OCNT-0460614-AA-001,CYP2J2,4,0,none
OCNT-0460614-AA-001,CYP3A4,4,4,full
OCNT-0460632-AA-001,CYP2J2,4,0,none
OCNT-0460632-AA-001,CYP3A4,4,4,full
OCNT-0460634-AA-001,CYP2J2,4,0,none
OCNT-0460634-AA-001,CYP3A4,4,4,full
OCNT-0460635-AA-001,CYP2J2,4,0,none
OCNT-0460635-AA-001,CYP3A4,4,3,partial
OCNT-0460636-AA-001,CYP2J2,4,0,none
OCNT-0460636-AA-001,CYP3A4,4,0,none
OCNT-0460639-AA-001,CYP2J2,4,0,none
OCNT-0460639-AA-001,CYP3A4,4,4,full
OCNT-0460653-AA-001,CYP2J2,4,0,none
OCNT-0460653-AA-001,CYP3A4,4,0,none
OCNT-0460655-AA-001,CYP2J2,4,0,none
OCNT-0460655-AA-001,CYP3A4,4,0,none
OCNT-0460657-AA-001,CYP2J2,4,0,none
OCNT-0460657-AA-001,CYP3A4,4,0,none
OCNT-0460664-AA-001,CYP2J2,4,0,none
OCNT-0460664-AA-001,CYP3A4,4,0,none
OCNT-0460665-AA-001,CYP2J2,4,0,none
OCNT-0460665-AA-001,CYP3A4,4,0,none
OCNT-0460669-AA-001,CYP2J2,4,0,none
OCNT-0460669-AA-001,CYP3A4,4,0,none
OCNT-0460673-AA-001,CYP2J2,4,0,none
OCNT-0460673-AA-001,CYP3A4,4,4,full
OCNT-0460689-AA-001,CYP2J2,4,0,none
OCNT-0460689-AA-001,CYP3A4,4,0,none
OCNT-0460691-AA-001,CYP2J2,4,0,none
OCNT-0460691-AA-001,CYP3A4,4,0,none
OCNT-0460695-AA-001,CYP2J2,4,0,none
OCNT-0460695-AA-001,CYP3A4,4,2,partial
OCNT-0460702-AA-001,CYP2J2,4,0,none
OCNT-0460702-AA-001,CYP3A4,4,0,none
OCNT-0460704-AA-001,CYP2J2,4,0,none
OCNT-0460704-AA-001,CYP3A4,4,0,none
OCNT-0460706-AA-001,CYP2J2,4,0,none
OCNT-0460706-AA-001,CYP3A4,4,0,none
OCNT-0460708-AA-001,CYP2J2,4,0,none
OCNT-0460708-AA-001,CYP3A4,4,0,none
OCNT-0460710-AA-001,CYP2J2,4,0,none
OCNT-0460710-AA-001,CYP3A4,4,0,none
OCNT-0460713-AA-001,CYP2J2,4,0,none
OCNT-0460713-AA-001,CYP3A4,4,0,none
OCNT-0460745-AA-001,CYP2J2,4,0,none
OCNT-0460745-AA-001,CYP3A4,4,0,none
OCNT-0460757-AA-001,CYP2J2,4,0,none
OCNT-0460757-AA-001,CYP3A4,4,0,none
OCNT-0460770-AA-001,CYP2J2,4,0,none
OCNT-0460770-AA-001,CYP3A4,4,0,none
OCNT-0460775-AA-001,CYP2J2,4,0,none
OCNT-0460775-AA-001,CYP3A4,4,0,none
OCNT-0460797-AA-001,CYP2J2,4,0,none
OCNT-0460797-AA-001,CYP3A4,4,4,full
OCNT-0460810-AA-001,CYP2J2,4,0,none
OCNT-0460810-AA-001,CYP3A4,4,0,none
OCNT-0460815-AA-001,CYP2J2,4,0,none
OCNT-0460815-AA-001,CYP3A4,4,0,none
OCNT-0460825-AA-001,CYP2J2,4,0,none
OCNT-0460825-AA-001,CYP3A4,4,0,none
OCNT-0460829-AA-001,CYP2J2,4,0,none
OCNT-0460829-AA-001,CYP3A4,4,0,none
OCNT-0460831-AA-001,CYP2J2,4,0,none
OCNT-0460831-AA-001,CYP3A4,4,3,partial
OCNT-0460832-AA-001,CYP2J2,4,0,none
OCNT-0460832-AA-001,CYP3A4,4,4,full
OCNT-0460859-AA-001,CYP2J2,4,0,none
OCNT-0460859-AA-001,CYP3A4,4,0,none
OCNT-0460867-AA-001,CYP2J2,3,0,none
OCNT-0460867-AA-001,CYP3A4,3,0,none
OCNT-0460891-AA-001,CYP2J2,4,0,none
OCNT-0460891-AA-001,CYP3A4,4,4,full
OCNT-0460895-AA-001,CYP2J2,4,0,none
OCNT-0460895-AA-001,CYP3A4,4,0,none
OCNT-0460901-AA-001,CYP2J2,4,0,none
OCNT-0460901-AA-001,CYP3A4,4,0,none
OCNT-0460907-AA-001,CYP2J2,4,0,none
OCNT-0460907-AA-001,CYP3A4,4,4,full
OCNT-0460909-AA-001,CYP2J2,4,0,none
OCNT-0460909-AA-001,CYP3A4,4,4,full
OCNT-0461255-AA-001,CYP2J2,4,0,none
OCNT-0461255-AA-001,CYP3A4,4,4,full
OCNT-0461259-AA-001,CYP2J2,4,0,none
OCNT-0461259-AA-001,CYP3A4,4,0,none
OCNT-0461261-AA-001,CYP2J2,4,0,none
OCNT-0461261-AA-001,CYP3A4,4,0,none
OCNT-0461263-AA-001,CYP2J2,4,0,none
OCNT-0461263-AA-001,CYP3A4,4,0,none
OCNT-0461265-AA-001,CYP2J2,4,0,none
OCNT-0461265-AA-001,CYP3A4,4,3,partial
OCNT-0461271-AA-001,CYP2J2,4,0,none
OCNT-0461271-AA-001,CYP3A4,4,0,none
OCNT-0461289-AA-001,CYP2J2,4,0,none
OCNT-0461289-AA-001,CYP3A4,3,0,none
OCNT-0461290-AA-001,CYP2J2,4,0,none
OCNT-0461290-AA-001,CYP3A4,4,0,none
OCNT-0461291-AA-001,CYP2J2,4,0,none
OCNT-0461291-AA-001,CYP3A4,4,2,partial
OCNT-0461293-AA-001,CYP2J2,4,0,none
OCNT-0461293-AA-001,CYP3A4,3,3,full
OCNT-0461295-AA-001,CYP2J2,4,0,none
OCNT-0461295-AA-001,CYP3A4,4,0,none
OCNT-0461297-AA-001,CYP2J2,4,0,none
OCNT-0461297-AA-001,CYP3A4,4,0,none
OCNT-0461299-AA-001,CYP2J2,4,0,none
OCNT-0461299-AA-001,CYP3A4,4,0,none
OCNT-0461301-AA-001,CYP2J2,4,0,none
OCNT-0461301-AA-001,CYP3A4,3,0,none
OCNT-0461303-AA-001,CYP2J2,4,0,none
OCNT-0461303-AA-001,CYP3A4,4,0,none
OCNT-0461319-AA-001,CYP2J2,4,0,none
OCNT-0461319-AA-001,CYP3A4,4,0,none
OCNT-0461321-AA-001,CYP2J2,4,0,none
OCNT-0461321-AA-001,CYP3A4,4,0,none
OCNT-0461327-AA-001,CYP2J2,4,0,none
OCNT-0461327-AA-001,CYP3A4,4,0,none
OCNT-0461353-AA-001,CYP2J2,4,0,none
OCNT-0461353-AA-001,CYP3A4,4,0,none
OCNT-0461355-AA-001,CYP2J2,4,0,none
OCNT-0461355-AA-001,CYP3A4,4,0,none
OCNT-0461364-AA-001,CYP2J2,4,0,none
OCNT-0461364-AA-001,CYP3A4,4,0,none
OCNT-0461371-AA-001,CYP2J2,4,0,none
OCNT-0461371-AA-001,CYP3A4,4,0,none
OCNT-0461373-AA-001,CYP2J2,4,0,none
OCNT-0461373-AA-001,CYP3A4,4,0,none
OCNT-0461396-AA-001,CYP2J2,4,0,none
OCNT-0461396-AA-001,CYP3A4,3,0,none
OCNT-0461397-AA-001,CYP2J2,4,0,none
OCNT-0461397-AA-001,CYP3A4,4,0,none
OCNT-0461404-AA-001,CYP2J2,4,0,none
OCNT-0461404-AA-001,CYP3A4,4,0,none
OCNT-0461411-AA-001,CYP2J2,4,0,none
OCNT-0461411-AA-001,CYP3A4,4,0,none
OCNT-0461413-AA-001,CYP2J2,4,0,none
OCNT-0461413-AA-001,CYP3A4,4,3,partial
OCNT-0461426-AA-001,CYP2J2,4,0,none
OCNT-0461426-AA-001,CYP3A4,4,0,none
OCNT-0461465-AA-001,CYP2J2,4,0,none
OCNT-0461465-AA-001,CYP3A4,4,0,none
OCNT-0461480-AA-001,CYP2J2,4,0,none
OCNT-0461480-AA-001,CYP3A4,4,0,none
OCNT-0461485-AA-001,CYP2J2,4,0,none
OCNT-0461485-AA-001,CYP3A4,4,0,none
OCNT-0461487-AA-001,CYP2J2,4,0,none
OCNT-0461487-AA-001,CYP3A4,4,0,none
OCNT-0461492-AA-001,CYP2J2,4,0,none
OCNT-0461492-AA-001,CYP3A4,4,0,none
OCNT-0461495-AA-001,CYP2J2,4,0,none
OCNT-0461495-AA-001,CYP3A4,4,0,none
OCNT-0461497-AA-001,CYP2J2,4,0,none
OCNT-0461497-AA-001,CYP3A4,4,0,none
OCNT-0461509-AA-001,CYP2J2,4,0,none
OCNT-0461509-AA-001,CYP3A4,4,0,none
OCNT-0461511-AA-001,CYP2J2,4,3,partial
OCNT-0461511-AA-001,CYP3A4,4,0,none
OCNT-0461513-AA-001,CYP2J2,4,0,none
OCNT-0461513-AA-001,CYP3A4,4,4,full
OCNT-0461519-AA-001,CYP2J2,4,0,none
OCNT-0461519-AA-001,CYP3A4,4,4,full
OCNT-0461521-AA-001,CYP2J2,4,0,none
OCNT-0461521-AA-001,CYP3A4,4,0,none
OCNT-0461538-AA-001,CYP2J2,4,0,none
OCNT-0461538-AA-001,CYP3A4,4,0,none
OCNT-0461539-AA-001,CYP2J2,3,0,none
OCNT-0461539-AA-001,CYP3A4,4,4,full
OCNT-0461556-AA-001,CYP2J2,4,0,none
OCNT-0461556-AA-001,CYP3A4,3,0,none
OCNT-0461558-AA-001,CYP2J2,4,0,none
OCNT-0461558-AA-001,CYP3A4,4,0,none
OCNT-0461560-AA-001,CYP2J2,4,0,none
OCNT-0461560-AA-001,CYP3A4,4,0,none
OCNT-0461577-AQ-001,CYP2J2,4,0,none
OCNT-0461577-AQ-001,CYP3A4,4,0,none
OCNT-0461591-AA-001,CYP2J2,4,0,none
OCNT-0461591-AA-001,CYP3A4,4,0,none
OCNT-0461611-AA-001,CYP2J2,4,0,none
OCNT-0461611-AA-001,CYP3A4,4,0,none
OCNT-0461620-AA-001,CYP2J2,4,0,none
OCNT-0461620-AA-001,CYP3A4,4,4,full
OCNT-0461621-AA-001,CYP2J2,4,0,none
OCNT-0461621-AA-001,CYP3A4,4,0,none
OCNT-0461622-AA-001,CYP2J2,4,0,none
OCNT-0461622-AA-001,CYP3A4,4,0,none
OCNT-0461635-AA-001,CYP2J2,4,0,none
OCNT-0461635-AA-001,CYP3A4,4,0,none
OCNT-0461639-AA-001,CYP2J2,4,0,none
OCNT-0461639-AA-001,CYP3A4,4,0,none
OCNT-0461640-AA-001,CYP2J2,4,0,none
OCNT-0461640-AA-001,CYP3A4,4,0,none
OCNT-0461641-AA-001,CYP2J2,4,0,none
OCNT-0461641-AA-001,CYP3A4,4,0,none
OCNT-0461644-AA-001,CYP2J2,4,0,none
OCNT-0461644-AA-001,CYP3A4,4,0,none
OCNT-0461646-AA-001,CYP2J2,4,0,none
OCNT-0461646-AA-001,CYP3A4,4,0,none
OCNT-0461652-AA-001,CYP2J2,4,0,none
OCNT-0461652-AA-001,CYP3A4,3,3,full
OCNT-0461660-AA-001,CYP2J2,4,0,none
OCNT-0461660-AA-001,CYP3A4,4,0,none
OCNT-0461669-AA-001,CYP2J2,4,0,none
OCNT-0461669-AA-001,CYP3A4,4,0,none
OCNT-0461672-AA-001,CYP2J2,4,0,none
OCNT-0461672-AA-001,CYP3A4,4,3,partial
OCNT-0461674-AA-001,CYP2J2,4,0,none
OCNT-0461674-AA-001,CYP3A4,4,4,full
OCNT-0461675-AA-001,CYP2J2,4,0,none
OCNT-0461675-AA-001,CYP3A4,4,3,partial
OCNT-0461677-AA-001,CYP2J2,4,0,none
OCNT-0461677-AA-001,CYP3A4,4,0,none
OCNT-0461679-AA-001,CYP2J2,4,0,none
OCNT-0461679-AA-001,CYP3A4,4,0,none
OCNT-0461680-AA-001,CYP2J2,4,0,none
OCNT-0461680-AA-001,CYP3A4,3,0,none
OCNT-0461681-AA-001,CYP2J2,4,0,none
OCNT-0461681-AA-001,CYP3A4,4,4,full
OCNT-0461682-AA-001,CYP2J2,4,0,none
OCNT-0461682-AA-001,CYP3A4,4,0,none
OCNT-0461684-AA-001,CYP2J2,4,0,none
OCNT-0461684-AA-001,CYP3A4,4,3,partial
OCNT-0461685-AA-001,CYP2J2,4,0,none
OCNT-0461685-AA-001,CYP3A4,4,0,none
OCNT-0461686-AA-001,CYP2J2,4,0,none
OCNT-0461686-AA-001,CYP3A4,4,0,none
OCNT-0461687-AA-001,CYP2J2,4,0,none
OCNT-0461687-AA-001,CYP3A4,4,2,partial
OCNT-0461704-AA-001,CYP2J2,4,0,none
OCNT-0461704-AA-001,CYP3A4,4,0,none
OCNT-0461705-AA-001,CYP2J2,4,0,none
OCNT-0461705-AA-001,CYP3A4,4,4,full
OCNT-0461710-AA-001,CYP2J2,4,0,none
OCNT-0461710-AA-001,CYP3A4,4,4,full
OCNT-0461714-AA-001,CYP2J2,4,0,none
OCNT-0461714-AA-001,CYP3A4,3,0,none
OCNT-0461716-AA-001,CYP2J2,4,0,none
OCNT-0461716-AA-001,CYP3A4,4,0,none
OCNT-0461718-AA-001,CYP2J2,4,0,none
OCNT-0461718-AA-001,CYP3A4,3,0,none
OCNT-0461720-AA-001,CYP2J2,4,0,none
OCNT-0461720-AA-001,CYP3A4,4,0,none
OCNT-0461724-AA-001,CYP2J2,4,0,none
OCNT-0461724-AA-001,CYP3A4,4,3,partial
OCNT-0461725-AA-001,CYP2J2,4,0,none
OCNT-0461725-AA-001,CYP3A4,4,0,none
OCNT-0461726-AA-001,CYP2J2,4,0,none
OCNT-0461726-AA-001,CYP3A4,4,0,none
OCNT-0461728-AA-001,CYP2J2,4,0,none
OCNT-0461728-AA-001,CYP3A4,4,0,none
OCNT-0461730-AA-001,CYP2J2,4,0,none
OCNT-0461730-AA-001,CYP3A4,4,0,none
OCNT-0461736-AA-001,CYP2J2,4,0,none
OCNT-0461736-AA-001,CYP3A4,4,3,partial
OCNT-0461738-AA-001,CYP2J2,4,0,none
OCNT-0461738-AA-001,CYP3A4,4,0,none
OCNT-0461740-AA-001,CYP2J2,4,0,none
OCNT-0461740-AA-001,CYP3A4,4,4,full
OCNT-0461744-AA-001,CYP2J2,4,3,partial
OCNT-0461744-AA-001,CYP3A4,4,4,full
OCNT-0461748-AA-001,CYP2J2,4,0,none
OCNT-0461748-AA-001,CYP3A4,3,0,none
OCNT-0461751-AA-001,CYP2J2,4,0,none
OCNT-0461751-AA-001,CYP3A4,4,0,none
OCNT-0461753-AA-001,CYP2J2,4,0,none
OCNT-0461753-AA-001,CYP3A4,4,0,none
OCNT-0461755-AA-001,CYP2J2,4,0,none
OCNT-0461755-AA-001,CYP3A4,4,0,none
OCNT-0461758-AA-001,CYP2J2,4,0,none
OCNT-0461758-AA-001,CYP3A4,4,0,none
OCNT-0461760-AA-001,CYP2J2,4,0,none
OCNT-0461760-AA-001,CYP3A4,4,0,none
OCNT-0461763-AA-001,CYP2J2,4,0,none
OCNT-0461763-AA-001,CYP3A4,3,0,none
OCNT-0461766-AA-001,CYP2J2,4,0,none
OCNT-0461766-AA-001,CYP3A4,4,0,none
OCNT-0461767-AA-001,CYP2J2,4,0,none
OCNT-0461767-AA-001,CYP3A4,4,0,none
OCNT-0461770-AA-001,CYP2J2,4,0,none
OCNT-0461770-AA-001,CYP3A4,4,4,full
OCNT-0461774-AA-001,CYP2J2,4,0,none
OCNT-0461774-AA-001,CYP3A4,4,0,none
OCNT-0461784-AA-001,CYP2J2,4,0,none
OCNT-0461784-AA-001,CYP3A4,4,0,none
OCNT-0461786-AA-001,CYP2J2,4,0,none
OCNT-0461786-AA-001,CYP3A4,4,0,none
OCNT-0461788-AA-001,CYP2J2,4,0,none
OCNT-0461788-AA-001,CYP3A4,4,0,none
OCNT-0461790-AA-001,CYP2J2,4,0,none
OCNT-0461790-AA-001,CYP3A4,4,0,none
OCNT-0461792-AA-001,CYP2J2,4,0,none
OCNT-0461792-AA-001,CYP3A4,4,0,none
OCNT-0461794-AA-001,CYP2J2,4,0,none
OCNT-0461794-AA-001,CYP3A4,4,0,none
OCNT-0461796-AA-001,CYP2J2,3,0,none
OCNT-0461796-AA-001,CYP3A4,4,0,none
OCNT-0461798-AA-001,CYP2J2,4,0,none
OCNT-0461798-AA-001,CYP3A4,4,0,none
OCNT-0461808-AA-001,CYP2J2,4,0,none
OCNT-0461808-AA-001,CYP3A4,4,2,partial
OCNT-0461810-AA-001,CYP2J2,4,0,none
OCNT-0461810-AA-001,CYP3A4,4,0,none
OCNT-0461812-AA-001,CYP2J2,4,0,none
OCNT-0461812-AA-001,CYP3A4,4,0,none
OCNT-0461813-AA-001,CYP2J2,4,0,none
OCNT-0461813-AA-001,CYP3A4,4,0,none
OCNT-0461815-AA-001,CYP2J2,4,0,none
OCNT-0461815-AA-001,CYP3A4,4,0,none
OCNT-0461825-AA-001,CYP2J2,4,0,none
OCNT-0461825-AA-001,CYP3A4,4,0,none
OCNT-0461832-AA-001,CYP2J2,3,0,none
OCNT-0461832-AA-001,CYP3A4,4,0,none
OCNT-0461834-AA-001,CYP2J2,4,0,none
OCNT-0461834-AA-001,CYP3A4,4,0,none
OCNT-0461836-AA-001,CYP2J2,4,0,none
OCNT-0461836-AA-001,CYP3A4,4,0,none
OCNT-0461838-AA-001,CYP2J2,4,0,none
OCNT-0461838-AA-001,CYP3A4,4,4,full
OCNT-0461839-AA-001,CYP2J2,4,0,none
OCNT-0461839-AA-001,CYP3A4,4,0,none
OCNT-0461841-AA-001,CYP2J2,4,0,none
OCNT-0461841-AA-001,CYP3A4,4,0,none
OCNT-0461843-AA-001,CYP2J2,4,0,none
OCNT-0461843-AA-001,CYP3A4,4,0,none
OCNT-0461847-AA-001,CYP2J2,4,0,none
OCNT-0461847-AA-001,CYP3A4,4,0,none
OCNT-0461851-AA-001,CYP2J2,4,0,none
OCNT-0461851-AA-001,CYP3A4,4,0,none
OCNT-0461853-AA-001,CYP2J2,4,0,none
OCNT-0461853-AA-001,CYP3A4,4,0,none
OCNT-0461855-AA-001,CYP2J2,4,0,none
OCNT-0461855-AA-001,CYP3A4,4,0,none
OCNT-0461857-AA-001,CYP2J2,4,0,none
OCNT-0461857-AA-001,CYP3A4,4,0,none
OCNT-0461861-AA-001,CYP2J2,4,0,none
OCNT-0461861-AA-001,CYP3A4,4,0,none
OCNT-0461863-AA-001,CYP2J2,4,0,none
OCNT-0461863-AA-001,CYP3A4,4,4,full
OCNT-0461867-AA-001,CYP2J2,4,0,none
OCNT-0461867-AA-001,CYP3A4,4,0,none
OCNT-0461871-AA-001,CYP2J2,4,0,none
OCNT-0461871-AA-001,CYP3A4,3,0,none
OCNT-0461875-AA-001,CYP2J2,4,0,none
OCNT-0461875-AA-001,CYP3A4,4,0,none
OCNT-0461878-AA-001,CYP2J2,4,0,none
OCNT-0461878-AA-001,CYP3A4,4,0,none
OCNT-0462523-AA-001,CYP2J2,4,0,none
OCNT-0462523-AA-001,CYP3A4,4,3,partial
OCNT-0462528-AA-001,CYP2J2,4,0,none
OCNT-0462528-AA-001,CYP3A4,4,0,none
OCNT-0462530-AA-001,CYP2J2,4,0,none
OCNT-0462530-AA-001,CYP3A4,4,0,none
OCNT-0462531-AA-001,CYP2J2,4,0,none
OCNT-0462531-AA-001,CYP3A4,3,0,none
OCNT-0462535-AA-001,CYP2J2,4,0,none
OCNT-0462535-AA-001,CYP3A4,4,0,none
OCNT-0462537-AA-001,CYP2J2,4,0,none
OCNT-0462537-AA-001,CYP3A4,4,3,partial
OCNT-0462545-AA-001,CYP2J2,4,0,none
OCNT-0462545-AA-001,CYP3A4,4,0,none
OCNT-0462546-AA-001,CYP2J2,4,0,none
OCNT-0462546-AA-001,CYP3A4,4,0,none
OCNT-0462547-AA-001,CYP2J2,4,0,none
OCNT-0462547-AA-001,CYP3A4,4,4,full
OCNT-0462553-AA-001,CYP2J2,4,0,none
OCNT-0462553-AA-001,CYP3A4,4,0,none
OCNT-0462555-AA-001,CYP2J2,4,0,none
OCNT-0462555-AA-001,CYP3A4,4,4,full
OCNT-0462557-AA-001,CYP2J2,4,0,none
OCNT-0462557-AA-001,CYP3A4,4,4,full
OCNT-0462565-AA-001,CYP2J2,4,0,none
OCNT-0462565-AA-001,CYP3A4,4,0,none
OCNT-0462570-AA-001,CYP2J2,4,0,none
OCNT-0462570-AA-001,CYP3A4,4,0,none
OCNT-0462589-AA-001,CYP2J2,4,0,none
OCNT-0462589-AA-001,CYP3A4,4,0,none
OCNT-0462595-AA-001,CYP2J2,4,0,none
OCNT-0462595-AA-001,CYP3A4,4,0,none
OCNT-0462596-AA-001,CYP2J2,4,0,none
OCNT-0462596-AA-001,CYP3A4,4,0,none
OCNT-0462599-AA-001,CYP2J2,4,0,none
OCNT-0462599-AA-001,CYP3A4,4,0,none
OCNT-0462601-AA-001,CYP2J2,4,0,none
OCNT-0462601-AA-001,CYP3A4,3,3,full
OCNT-0462603-AA-001,CYP2J2,4,0,none
OCNT-0462603-AA-001,CYP3A4,4,3,partial
OCNT-0462633-AA-001,CYP2J2,4,0,none
OCNT-0462633-AA-001,CYP3A4,3,3,full
OCNT-0462641-AA-001,CYP2J2,4,0,none
OCNT-0462641-AA-001,CYP3A4,3,0,none
OCNT-0462643-AA-001,CYP2J2,4,0,none
OCNT-0462643-AA-001,CYP3A4,3,0,none
OCNT-0462644-AA-001,CYP2J2,4,0,none
OCNT-0462644-AA-001,CYP3A4,4,0,none
OCNT-0462672-AA-001,CYP2J2,4,0,none
OCNT-0462672-AA-001,CYP3A4,4,0,none
OCNT-0462676-AA-001,CYP2J2,4,0,none
OCNT-0462676-AA-001,CYP3A4,3,0,none
OCNT-0462677-AA-001,CYP2J2,4,0,none
OCNT-0462677-AA-001,CYP3A4,4,0,none
OCNT-0462696-AA-001,CYP2J2,4,0,none
OCNT-0462696-AA-001,CYP3A4,4,0,none
OCNT-0462710-AA-001,CYP2J2,4,0,none
OCNT-0462710-AA-001,CYP3A4,4,0,none
OCNT-0462732-AA-001,CYP2J2,4,0,none
OCNT-0462732-AA-001,CYP3A4,4,0,none
OCNT-0462736-AA-001,CYP2J2,4,0,none
OCNT-0462736-AA-001,CYP3A4,4,3,partial
OCNT-0462760-AA-001,CYP2J2,4,0,none
OCNT-0462760-AA-001,CYP3A4,4,3,partial
OCNT-0462764-AA-001,CYP2J2,4,0,none
OCNT-0462764-AA-001,CYP3A4,4,0,none
OCNT-0462783-AA-001,CYP2J2,4,0,none
OCNT-0462783-AA-001,CYP3A4,4,0,none
OCNT-0462787-AQ-001,CYP2J2,4,0,none
OCNT-0462787-AQ-001,CYP3A4,4,0,none
OCNT-0462789-AQ-001,CYP2J2,4,0,none
OCNT-0462789-AQ-001,CYP3A4,4,0,none
OCNT-0462791-AQ-001,CYP2J2,4,0,none
OCNT-0462791-AQ-001,CYP3A4,4,0,none
OCNT-0462804-AA-001,CYP2J2,4,0,none
OCNT-0462804-AA-001,CYP3A4,4,4,full
OCNT-0462806-AA-001,CYP2J2,4,0,none
OCNT-0462806-AA-001,CYP3A4,4,0,none
OCNT-0462809-AQ-001,CYP2J2,4,0,none
OCNT-0462809-AQ-001,CYP3A4,4,0,none
OCNT-0462811-AQ-001,CYP2J2,4,0,none
OCNT-0462811-AQ-001,CYP3A4,4,0,none
OCNT-0462813-AQ-001,CYP2J2,4,0,none
OCNT-0462813-AQ-001,CYP3A4,4,4,full
OCNT-0462815-AQ-001,CYP2J2,4,0,none
OCNT-0462815-AQ-001,CYP3A4,3,0,none
OCNT-0462817-AQ-001,CYP2J2,4,0,none
OCNT-0462817-AQ-001,CYP3A4,4,0,none
OCNT-0462819-AQ-001,CYP2J2,4,0,none
OCNT-0462819-AQ-001,CYP3A4,4,0,none
OCNT-0462821-AQ-001,CYP2J2,4,0,none
OCNT-0462821-AQ-001,CYP3A4,3,3,full
OCNT-0462823-AQ-001,CYP2J2,4,0,none
OCNT-0462823-AQ-001,CYP3A4,4,0,none
OCNT-0462828-AA-001,CYP2J2,4,0,none
OCNT-0462828-AA-001,CYP3A4,4,0,none
OCNT-0462830-AA-001,CYP2J2,4,0,none
OCNT-0462830-AA-001,CYP3A4,4,0,none
OCNT-0462877-AA-001,CYP2J2,4,0,none
OCNT-0462877-AA-001,CYP3A4,4,0,none
OCNT-0462881-AA-001,CYP2J2,4,0,none
OCNT-0462881-AA-001,CYP3A4,4,0,none
OCNT-0462890-AA-001,CYP2J2,4,0,none
OCNT-0462890-AA-001,CYP3A4,4,0,none
OCNT-0462899-AA-001,CYP2J2,4,0,none
OCNT-0462899-AA-001,CYP3A4,4,0,none
OCNT-0462905-AA-001,CYP2J2,4,0,none
OCNT-0462905-AA-001,CYP3A4,4,0,none
OCNT-0462907-AA-001,CYP2J2,4,0,none
OCNT-0462907-AA-001,CYP3A4,4,0,none
OCNT-0462914-AA-001,CYP2J2,4,0,none
OCNT-0462914-AA-001,CYP3A4,4,0,none
OCNT-0462915-AA-001,CYP2J2,4,0,none
OCNT-0462915-AA-001,CYP3A4,4,0,none
OCNT-0462917-AA-001,CYP2J2,4,0,none
OCNT-0462917-AA-001,CYP3A4,4,0,none
OCNT-0462937-AA-001,CYP2J2,4,0,none
OCNT-0462937-AA-001,CYP3A4,4,0,none
OCNT-0462939-AA-001,CYP2J2,4,0,none
OCNT-0462939-AA-001,CYP3A4,4,0,none
OCNT-0462941-AA-001,CYP2J2,4,0,none
OCNT-0462941-AA-001,CYP3A4,4,0,none
OCNT-0462943-AA-001,CYP2J2,4,0,none
OCNT-0462943-AA-001,CYP3A4,4,0,none
OCNT-0462954-AA-001,CYP2J2,4,0,none
OCNT-0462954-AA-001,CYP3A4,4,4,full
OCNT-0462960-AA-001,CYP2J2,4,0,none
OCNT-0462960-AA-001,CYP3A4,4,0,none
OCNT-0462966-AA-001,CYP2J2,4,0,none
OCNT-0462966-AA-001,CYP3A4,4,0,none
OCNT-0462984-AA-001,CYP2J2,4,0,none
OCNT-0462984-AA-001,CYP3A4,4,0,none
OCNT-0462986-AA-001,CYP2J2,4,0,none
OCNT-0462986-AA-001,CYP3A4,4,2,partial
OCNT-0462988-AA-001,CYP2J2,4,0,none
OCNT-0462988-AA-001,CYP3A4,4,0,none
OCNT-0462990-AA-001,CYP2J2,4,0,none
OCNT-0462990-AA-001,CYP3A4,4,0,none
OCNT-0462992-AA-001,CYP2J2,4,0,none
OCNT-0462992-AA-001,CYP3A4,4,4,full
OCNT-0462994-AA-001,CYP2J2,4,0,none
OCNT-0462994-AA-001,CYP3A4,4,0,none
OCNT-0463027-AA-001,CYP2J2,3,0,none
OCNT-0463027-AA-001,CYP3A4,4,0,none
OCNT-0463042-AA-001,CYP2J2,4,0,none
OCNT-0463042-AA-001,CYP3A4,4,0,none
OCNT-0463085-AA-001,CYP2J2,4,0,none
OCNT-0463085-AA-001,CYP3A4,4,0,none
OCNT-0463087-AA-001,CYP2J2,4,0,none
OCNT-0463087-AA-001,CYP3A4,4,0,none
OCNT-0463091-AA-001,CYP2J2,4,0,none
OCNT-0463091-AA-001,CYP3A4,4,0,none
OCNT-0463093-AA-001,CYP2J2,4,0,none
OCNT-0463093-AA-001,CYP3A4,4,0,none
OCNT-0463109-AA-001,CYP2J2,4,0,none
OCNT-0463109-AA-001,CYP3A4,4,0,none
OCNT-0463117-AA-001,CYP2J2,4,0,none
OCNT-0463117-AA-001,CYP3A4,4,0,none
OCNT-0463127-AA-001,CYP2J2,4,0,none
OCNT-0463127-AA-001,CYP3A4,4,0,none
OCNT-0463132-AA-001,CYP2J2,4,0,none
OCNT-0463132-AA-001,CYP3A4,4,0,none
OCNT-0463136-AA-001,CYP2J2,4,0,none
OCNT-0463136-AA-001,CYP3A4,4,0,none
OCNT-0463145-AA-001,CYP2J2,4,0,none
OCNT-0463145-AA-001,CYP3A4,4,0,none
OCNT-0463147-AA-001,CYP2J2,4,0,none
OCNT-0463147-AA-001,CYP3A4,4,0,none
OCNT-0463149-AA-001,CYP2J2,4,0,none
OCNT-0463149-AA-001,CYP3A4,4,0,none
OCNT-0463159-AA-001,CYP2J2,4,0,none
OCNT-0463159-AA-001,CYP3A4,4,0,none
OCNT-0463200-AA-001,CYP2J2,4,0,none
OCNT-0463200-AA-001,CYP3A4,4,0,none
OCNT-0463205-AA-001,CYP2J2,4,0,none
OCNT-0463205-AA-001,CYP3A4,3,2,partial
OCNT-0463240-AA-001,CYP2J2,4,0,none
OCNT-0463240-AA-001,CYP3A4,4,0,none
OCNT-0463259-AA-001,CYP2J2,4,0,none
OCNT-0463259-AA-001,CYP3A4,4,4,full
OCNT-0463268-AA-001,CYP2J2,4,0,none
OCNT-0463268-AA-001,CYP3A4,4,0,none
OCNT-0463282-AA-001,CYP2J2,4,0,none
OCNT-0463282-AA-001,CYP3A4,4,0,none
OCNT-0463293-AA-001,CYP2J2,4,0,none
OCNT-0463293-AA-001,CYP3A4,3,0,none
OCNT-0463304-AA-001,CYP2J2,4,0,none
OCNT-0463304-AA-001,CYP3A4,4,4,full
OCNT-0463305-AA-001,CYP2J2,4,0,none
OCNT-0463305-AA-001,CYP3A4,4,0,none
OCNT-0463306-AA-001,CYP2J2,4,0,none
OCNT-0463306-AA-001,CYP3A4,4,0,none
OCNT-0463320-AA-001,CYP2J2,4,0,none
OCNT-0463320-AA-001,CYP3A4,4,0,none
OCNT-0463322-AA-001,CYP2J2,4,0,none
OCNT-0463322-AA-001,CYP3A4,4,0,none
OCNT-0463381-AA-001,CYP2J2,4,0,none
OCNT-0463381-AA-001,CYP3A4,4,4,full
OCNT-0463418-AA-001,CYP2J2,4,0,none
OCNT-0463418-AA-001,CYP3A4,4,0,none
OCNT-0463426-AA-001,CYP2J2,4,0,none
OCNT-0463426-AA-001,CYP3A4,4,0,none
OCNT-0463436-AA-001,CYP2J2,4,0,none
OCNT-0463436-AA-001,CYP3A4,4,4,full
OCNT-0463446-AA-001,CYP2J2,4,0,none
OCNT-0463446-AA-001,CYP3A4,4,0,none
OCNT-0463463-AA-001,CYP2J2,4,0,none
OCNT-0463463-AA-001,CYP3A4,4,4,full
OCNT-0463468-AA-001,CYP2J2,4,0,none
OCNT-0463468-AA-001,CYP3A4,4,0,none
OCNT-0475000-AA-001,CYP2J2,4,0,none
OCNT-0475000-AA-001,CYP3A4,4,4,full
OCNT-0475002-AA-001,CYP2J2,4,0,none
OCNT-0475002-AA-001,CYP3A4,4,0,none
OCNT-0475003-AA-001,CYP2J2,4,0,none
OCNT-0475003-AA-001,CYP3A4,4,0,none
OCNT-0475004-AA-001,CYP2J2,4,0,none
OCNT-0475004-AA-001,CYP3A4,4,0,none
OCNT-0475006-AA-001,CYP2J2,4,0,none
OCNT-0475006-AA-001,CYP3A4,4,0,none
OCNT-0475008-AA-001,CYP2J2,4,0,none
OCNT-0475008-AA-001,CYP3A4,4,0,none
OCNT-0475010-AA-001,CYP2J2,4,0,none
OCNT-0475010-AA-001,CYP3A4,4,0,none
OCNT-0475034-AA-001,CYP2J2,4,0,none
OCNT-0475034-AA-001,CYP3A4,4,3,partial
OCNT-0475039-AA-001,CYP2J2,4,0,none
OCNT-0475039-AA-001,CYP3A4,4,0,none
OCNT-0475040-AA-001,CYP2J2,4,0,none
OCNT-0475040-AA-001,CYP3A4,4,0,none
OCNT-0475042-AA-001,CYP2J2,4,0,none
OCNT-0475042-AA-001,CYP3A4,3,0,none
OCNT-0475044-AA-001,CYP2J2,4,0,none
OCNT-0475044-AA-001,CYP3A4,4,0,none
OCNT-0475045-AA-001,CYP2J2,4,0,none
OCNT-0475045-AA-001,CYP3A4,4,0,none
OCNT-0475046-AA-001,CYP2J2,4,0,none
OCNT-0475046-AA-001,CYP3A4,4,3,partial
OCNT-0475056-AA-001,CYP2J2,4,0,none
OCNT-0475056-AA-001,CYP3A4,4,0,none
OCNT-0475057-AA-001,CYP2J2,4,0,none
OCNT-0475057-AA-001,CYP3A4,4,0,none
OCNT-0475064-AA-001,CYP2J2,4,0,none
OCNT-0475064-AA-001,CYP3A4,4,2,partial
OCNT-0475065-AA-001,CYP2J2,4,0,none
OCNT-0475065-AA-001,CYP3A4,4,2,partial
OCNT-0475066-AA-001,CYP2J2,4,0,none
OCNT-0475066-AA-001,CYP3A4,4,0,none
OCNT-0475068-AA-001,CYP2J2,4,0,none
OCNT-0475068-AA-001,CYP3A4,4,0,none
OCNT-0475070-AA-001,CYP2J2,4,0,none
OCNT-0475070-AA-001,CYP3A4,4,0,none
OCNT-0475078-AA-001,CYP2J2,4,0,none
OCNT-0475078-AA-001,CYP3A4,4,0,none
OCNT-0475081-AA-001,CYP2J2,4,0,none
OCNT-0475081-AA-001,CYP3A4,4,0,none
OCNT-0475093-AA-001,CYP2J2,4,0,none
OCNT-0475093-AA-001,CYP3A4,4,0,none
OCNT-0475095-AA-001,CYP2J2,4,0,none
OCNT-0475095-AA-001,CYP3A4,4,0,none
OCNT-0475098-AA-001,CYP2J2,4,0,none
OCNT-0475098-AA-001,CYP3A4,4,0,none
OCNT-0475100-AA-001,CYP2J2,4,0,none
OCNT-0475100-AA-001,CYP3A4,4,0,none
OCNT-0475102-AA-001,CYP2J2,4,0,none
OCNT-0475102-AA-001,CYP3A4,4,0,none
OCNT-0475103-AA-001,CYP2J2,4,0,none
OCNT-0475103-AA-001,CYP3A4,4,0,none
OCNT-0475104-AA-001,CYP2J2,4,0,none
OCNT-0475104-AA-001,CYP3A4,4,0,none
OCNT-0475106-AA-001,CYP2J2,4,0,none
OCNT-0475106-AA-001,CYP3A4,4,0,none
OCNT-0475108-AA-001,CYP2J2,4,0,none
OCNT-0475108-AA-001,CYP3A4,4,0,none
OCNT-0475110-AA-001,CYP2J2,4,0,none
OCNT-0475110-AA-001,CYP3A4,4,4,full
OCNT-0475113-AA-001,CYP2J2,4,0,none
OCNT-0475113-AA-001,CYP3A4,4,0,none
OCNT-0475115-AA-001,CYP2J2,4,0,none
OCNT-0475115-AA-001,CYP3A4,4,0,none
OCNT-0475117-AA-001,CYP2J2,4,0,none
OCNT-0475117-AA-001,CYP3A4,4,0,none
OCNT-0475119-AA-001,CYP2J2,4,0,none
OCNT-0475119-AA-001,CYP3A4,4,4,full
OCNT-0475124-AA-001,CYP2J2,4,0,none
OCNT-0475124-AA-001,CYP3A4,4,0,none
OCNT-0475129-AA-001,CYP2J2,4,0,none
OCNT-0475129-AA-001,CYP3A4,4,0,none
OCNT-0475130-AA-001,CYP2J2,4,0,none
OCNT-0475130-AA-001,CYP3A4,4,0,none
OCNT-0475132-AA-001,CYP2J2,4,0,none
OCNT-0475132-AA-001,CYP3A4,4,0,none
OCNT-0475135-AA-001,CYP2J2,4,0,none
OCNT-0475135-AA-001,CYP3A4,4,0,none
OCNT-0475145-AA-001,CYP2J2,4,0,none
OCNT-0475145-AA-001,CYP3A4,4,0,none
OCNT-0475148-AA-001,CYP2J2,4,0,none
OCNT-0475148-AA-001,CYP3A4,4,0,none
OCNT-0475149-AA-001,CYP2J2,4,0,none
OCNT-0475149-AA-001,CYP3A4,4,0,none
OCNT-0475155-AA-001,CYP2J2,4,0,none
OCNT-0475155-AA-001,CYP3A4,4,4,full
OCNT-0475157-AA-001,CYP2J2,4,0,none
OCNT-0475157-AA-001,CYP3A4,4,0,none
OCNT-0475159-AA-001,CYP2J2,4,0,none
OCNT-0475159-AA-001,CYP3A4,4,0,none
OCNT-0475161-AA-001,CYP2J2,4,0,none
OCNT-0475161-AA-001,CYP3A4,4,0,none
OCNT-0475163-AA-001,CYP2J2,4,0,none
OCNT-0475163-AA-001,CYP3A4,4,0,none
OCNT-0475165-AA-001,CYP2J2,4,0,none
OCNT-0475165-AA-001,CYP3A4,4,0,none
OCNT-0475169-AA-001,CYP2J2,4,0,none
OCNT-0475169-AA-001,CYP3A4,4,0,none
OCNT-0475172-AA-001,CYP2J2,4,0,none
OCNT-0475172-AA-001,CYP3A4,4,0,none
OCNT-0475174-AA-001,CYP2J2,4,0,none
OCNT-0475174-AA-001,CYP3A4,4,0,none
OCNT-0475192-AA-001,CYP2J2,4,0,none
OCNT-0475192-AA-001,CYP3A4,4,0,none
OCNT-0475194-AA-001,CYP2J2,4,0,none
OCNT-0475194-AA-001,CYP3A4,4,4,full
OCNT-0475196-AA-001,CYP2J2,4,0,none
OCNT-0475196-AA-001,CYP3A4,4,0,none
OCNT-0475198-AA-001,CYP2J2,4,0,none
OCNT-0475198-AA-001,CYP3A4,4,0,none
OCNT-0475200-AA-001,CYP2J2,4,0,none
OCNT-0475200-AA-001,CYP3A4,4,0,none
OCNT-0475202-AA-001,CYP2J2,4,0,none
OCNT-0475202-AA-001,CYP3A4,4,0,none
OCNT-0475205-AA-001,CYP2J2,4,0,none
OCNT-0475205-AA-001,CYP3A4,4,0,none
OCNT-0475206-AA-001,CYP2J2,4,0,none
OCNT-0475206-AA-001,CYP3A4,4,0,none
OCNT-0475209-AA-001,CYP2J2,4,0,none
OCNT-0475209-AA-001,CYP3A4,4,4,full
OCNT-0475213-AA-001,CYP2J2,4,0,none
OCNT-0475213-AA-001,CYP3A4,4,0,none
OCNT-0475217-AA-001,CYP2J2,4,0,none
OCNT-0475217-AA-001,CYP3A4,4,0,none
OCNT-0475219-AA-001,CYP2J2,4,0,none
OCNT-0475219-AA-001,CYP3A4,4,0,none
OCNT-0475224-AA-001,CYP2J2,4,0,none
OCNT-0475224-AA-001,CYP3A4,3,0,none
OCNT-0475228-AA-001,CYP2J2,4,0,none
OCNT-0475228-AA-001,CYP3A4,4,0,none
OCNT-0475233-AA-001,CYP2J2,4,0,none
OCNT-0475233-AA-001,CYP3A4,4,0,none
OCNT-0475236-AA-001,CYP2J2,4,0,none
OCNT-0475236-AA-001,CYP3A4,4,4,full
OCNT-0475245-AA-001,CYP2J2,4,0,none
OCNT-0475245-AA-001,CYP3A4,4,0,none
OCNT-0475246-AA-001,CYP2J2,4,0,none
OCNT-0475246-AA-001,CYP3A4,4,0,none
OCNT-0475247-AA-001,CYP2J2,4,0,none
OCNT-0475247-AA-001,CYP3A4,4,4,full
OCNT-0475251-AA-001,CYP2J2,4,0,none
OCNT-0475251-AA-001,CYP3A4,4,4,full
OCNT-0475255-AA-001,CYP2J2,4,0,none
OCNT-0475255-AA-001,CYP3A4,4,0,none
OCNT-0475259-AA-001,CYP2J2,4,0,none
OCNT-0475259-AA-001,CYP3A4,4,0,none
OCNT-0475261-AA-001,CYP2J2,4,0,none
OCNT-0475261-AA-001,CYP3A4,4,4,full
OCNT-0475263-AA-001,CYP2J2,4,0,none
OCNT-0475263-AA-001,CYP3A4,4,0,none
OCNT-0475264-AA-001,CYP2J2,3,0,none
OCNT-0475264-AA-001,CYP3A4,4,3,partial
OCNT-0475266-AA-001,CYP2J2,4,0,none
OCNT-0475266-AA-001,CYP3A4,4,2,partial
OCNT-0475269-AA-001,CYP2J2,4,0,none
OCNT-0475269-AA-001,CYP3A4,4,0,none
OCNT-0475270-AA-001,CYP2J2,4,0,none
OCNT-0475270-AA-001,CYP3A4,4,3,partial
OCNT-0475275-AA-001,CYP2J2,4,0,none
OCNT-0475275-AA-001,CYP3A4,4,0,none
OCNT-0475277-AA-001,CYP2J2,4,0,none
OCNT-0475277-AA-001,CYP3A4,4,0,none
OCNT-0475283-AA-001,CYP2J2,4,0,none
OCNT-0475283-AA-001,CYP3A4,4,0,none
OCNT-0475286-AA-001,CYP2J2,4,0,none
OCNT-0475286-AA-001,CYP3A4,4,0,none
OCNT-0475288-AA-001,CYP2J2,3,0,none
OCNT-0475288-AA-001,CYP3A4,4,4,full
OCNT-0475292-AA-001,CYP2J2,4,0,none
OCNT-0475292-AA-001,CYP3A4,4,0,none
OCNT-0475299-AA-001,CYP2J2,4,0,none
OCNT-0475299-AA-001,CYP3A4,4,0,none
OCNT-0475300-AA-001,CYP2J2,4,0,none
OCNT-0475300-AA-001,CYP3A4,4,0,none
OCNT-0475305-AA-001,CYP2J2,4,0,none
OCNT-0475305-AA-001,CYP3A4,4,0,none
OCNT-0475310-AA-001,CYP2J2,4,0,none
OCNT-0475310-AA-001,CYP3A4,4,0,none
OCNT-0475312-AA-001,CYP2J2,4,0,none
OCNT-0475312-AA-001,CYP3A4,4,0,none
OCNT-0475318-AA-001,CYP2J2,4,0,none
OCNT-0475318-AA-001,CYP3A4,4,0,none
OCNT-0476778-AA-002,CYP2J2,4,0,none
OCNT-0476778-AA-002,CYP3A4,4,0,none
OCNT-0476804-AA-002,CYP2J2,4,0,none
OCNT-0476804-AA-002,CYP3A4,4,0,none
OCNT-0477307-AA-002,CYP2J2,4,0,none
OCNT-0477307-AA-002,CYP3A4,4,0,none
OCNT-0478597-AA-001,CYP2J2,4,0,none
OCNT-0478597-AA-001,CYP3A4,4,0,none
OCNT-0479142-AA-001,CYP2J2,4,0,none
OCNT-0479142-AA-001,CYP3A4,4,0,none
OCNT-0479153-AA-001,CYP2J2,4,0,none
OCNT-0479153-AA-001,CYP3A4,4,0,none
OCNT-0479155-AA-001,CYP2J2,4,0,none
OCNT-0479155-AA-001,CYP3A4,4,0,none
OCNT-0479157-AA-001,CYP2J2,4,0,none
OCNT-0479157-AA-001,CYP3A4,4,0,none
OCNT-0479161-AA-001,CYP2J2,4,0,none
OCNT-0479161-AA-001,CYP3A4,4,0,none
OCNT-0479163-AA-001,CYP2J2,4,0,none
OCNT-0479163-AA-001,CYP3A4,4,0,none
OCNT-0479165-AA-001,CYP2J2,4,0,none
OCNT-0479165-AA-001,CYP3A4,4,0,none
OCNT-0479172-AA-001,CYP2J2,4,0,none
OCNT-0479172-AA-001,CYP3A4,4,0,none
OCNT-0479173-AA-001,CYP2J2,4,0,none
OCNT-0479173-AA-001,CYP3A4,4,0,none
OCNT-0479175-AA-001,CYP2J2,4,0,none
OCNT-0479175-AA-001,CYP3A4,4,0,none
OCNT-0479179-AA-001,CYP2J2,4,0,none
OCNT-0479179-AA-001,CYP3A4,4,0,none
OCNT-0479187-AA-001,CYP2J2,4,0,none
OCNT-0479187-AA-001,CYP3A4,4,0,none
OCNT-0479188-AA-001,CYP2J2,4,0,none
OCNT-0479188-AA-001,CYP3A4,4,0,none
OCNT-0479190-AA-001,CYP2J2,4,0,none
OCNT-0479190-AA-001,CYP3A4,4,3,partial
OCNT-0479194-AA-001,CYP2J2,4,0,none
OCNT-0479194-AA-001,CYP3A4,3,0,none
OCNT-0479195-AA-001,CYP2J2,4,0,none
OCNT-0479195-AA-001,CYP3A4,4,0,none
OCNT-0479203-AA-001,CYP2J2,4,0,none
OCNT-0479203-AA-001,CYP3A4,4,0,none
OCNT-0479211-AA-001,CYP2J2,4,0,none
OCNT-0479211-AA-001,CYP3A4,4,0,none
OCNT-0479220-AA-001,CYP2J2,3,0,none
OCNT-0479220-AA-001,CYP3A4,4,0,none
OCNT-0479222-AA-001,CYP2J2,4,0,none
OCNT-0479222-AA-001,CYP3A4,4,2,partial
OCNT-0479224-AA-001,CYP2J2,3,0,none
OCNT-0479224-AA-001,CYP3A4,4,0,none
OCNT-0479228-AA-001,CYP2J2,4,0,none
OCNT-0479228-AA-001,CYP3A4,4,0,none
OCNT-0479230-AA-001,CYP2J2,4,0,none
OCNT-0479230-AA-001,CYP3A4,4,0,none
OCNT-0479232-AA-001,CYP2J2,4,0,none
OCNT-0479232-AA-001,CYP3A4,4,0,none
OCNT-0479233-AA-001,CYP2J2,4,0,none
OCNT-0479233-AA-001,CYP3A4,4,3,partial
OCNT-0479239-AA-001,CYP2J2,4,0,none
OCNT-0479239-AA-001,CYP3A4,4,0,none
OCNT-0479245-AA-001,CYP2J2,4,0,none
OCNT-0479245-AA-001,CYP3A4,4,0,none
OCNT-0479247-AA-001,CYP2J2,4,0,none
OCNT-0479247-AA-001,CYP3A4,4,3,partial
OCNT-0479249-AA-001,CYP2J2,4,0,none
OCNT-0479249-AA-001,CYP3A4,4,0,none
OCNT-0479251-AA-001,CYP2J2,4,0,none
OCNT-0479251-AA-001,CYP3A4,4,0,none
OCNT-0479252-AA-001,CYP2J2,4,0,none
OCNT-0479252-AA-001,CYP3A4,4,0,none
OCNT-0479253-AA-001,CYP2J2,4,0,none
OCNT-0479253-AA-001,CYP3A4,4,4,full
OCNT-0479255-AA-001,CYP2J2,4,0,none
OCNT-0479255-AA-001,CYP3A4,4,3,partial
OCNT-0479257-AA-001,CYP2J2,4,0,none
OCNT-0479257-AA-001,CYP3A4,4,3,partial
OCNT-0479260-AA-001,CYP2J2,4,0,none
OCNT-0479260-AA-001,CYP3A4,4,0,none
OCNT-0479261-AA-001,CYP2J2,4,0,none
OCNT-0479261-AA-001,CYP3A4,4,0,none
OCNT-0479263-AA-001,CYP2J2,4,0,none
OCNT-0479263-AA-001,CYP3A4,4,0,none
OCNT-0479265-AA-001,CYP2J2,4,0,none
OCNT-0479265-AA-001,CYP3A4,3,0,none
OCNT-0479268-AA-001,CYP2J2,4,0,none
OCNT-0479268-AA-001,CYP3A4,4,0,none
OCNT-0479274-AA-001,CYP2J2,4,0,none
OCNT-0479274-AA-001,CYP3A4,4,0,none
OCNT-0479276-AA-001,CYP2J2,4,0,none
OCNT-0479276-AA-001,CYP3A4,4,0,none
OCNT-0479278-AA-001,CYP2J2,4,0,none
OCNT-0479278-AA-001,CYP3A4,4,0,none
OCNT-0479280-AA-001,CYP2J2,4,0,none
OCNT-0479280-AA-001,CYP3A4,4,0,none
OCNT-0479283-AA-001,CYP2J2,4,0,none
OCNT-0479283-AA-001,CYP3A4,4,0,none
OCNT-0479284-AA-001,CYP2J2,3,0,none
OCNT-0479284-AA-001,CYP3A4,2,0,none
OCNT-0479285-AA-001,CYP2J2,4,0,none
OCNT-0479285-AA-001,CYP3A4,4,0,none
OCNT-0479287-AA-001,CYP2J2,4,0,none
OCNT-0479287-AA-001,CYP3A4,4,0,none
OCNT-0479288-AA-001,CYP2J2,4,0,none
OCNT-0479288-AA-001,CYP3A4,4,2,partial
OCNT-0479293-AA-001,CYP2J2,4,0,none
OCNT-0479293-AA-001,CYP3A4,4,0,none
OCNT-0479298-AA-001,CYP2J2,4,0,none
OCNT-0479298-AA-001,CYP3A4,4,0,none
OCNT-0479300-AA-001,CYP2J2,4,0,none
OCNT-0479300-AA-001,CYP3A4,4,0,none
OCNT-0479302-AA-001,CYP2J2,4,0,none
OCNT-0479302-AA-001,CYP3A4,4,0,none
OCNT-0479304-AA-001,CYP2J2,4,0,none
OCNT-0479304-AA-001,CYP3A4,4,0,none
OCNT-0479306-AA-001,CYP2J2,4,0,none
OCNT-0479306-AA-001,CYP3A4,4,0,none
OCNT-0479308-AA-001,CYP2J2,4,0,none
OCNT-0479308-AA-001,CYP3A4,4,0,none
OCNT-0479318-AA-001,CYP2J2,4,0,none
OCNT-0479318-AA-001,CYP3A4,4,0,none
OCNT-0479322-AA-001,CYP2J2,4,0,none
OCNT-0479322-AA-001,CYP3A4,4,0,none
OCNT-0479328-AA-001,CYP2J2,4,0,none
OCNT-0479328-AA-001,CYP3A4,4,0,none
OCNT-0479338-AA-001,CYP2J2,4,0,none
OCNT-0479338-AA-001,CYP3A4,4,0,none
OCNT-0479344-AA-001,CYP2J2,4,0,none
OCNT-0479344-AA-001,CYP3A4,4,0,none
OCNT-0479361-AA-001,CYP2J2,4,0,none
OCNT-0479361-AA-001,CYP3A4,4,4,full
OCNT-0479364-AA-001,CYP2J2,4,0,none
OCNT-0479364-AA-001,CYP3A4,4,0,none
OCNT-0479366-AA-001,CYP2J2,4,0,none
OCNT-0479366-AA-001,CYP3A4,4,0,none
OCNT-0479368-AA-001,CYP2J2,4,0,none
OCNT-0479368-AA-001,CYP3A4,4,0,none
OCNT-0479370-AA-001,CYP2J2,4,0,none
OCNT-0479370-AA-001,CYP3A4,4,0,none
OCNT-0479372-AA-001,CYP2J2,4,0,none
OCNT-0479372-AA-001,CYP3A4,4,0,none
OCNT-0479376-AA-001,CYP2J2,4,0,none
OCNT-0479376-AA-001,CYP3A4,4,0,none
OCNT-0479377-AA-001,CYP2J2,4,0,none
OCNT-0479377-AA-001,CYP3A4,4,0,none
OCNT-0479379-AA-001,CYP2J2,4,0,none
OCNT-0479379-AA-001,CYP3A4,4,0,none
OCNT-0479384-AA-001,CYP2J2,4,0,none
OCNT-0479384-AA-001,CYP3A4,4,0,none
OCNT-0479385-AA-001,CYP2J2,4,0,none
OCNT-0479385-AA-001,CYP3A4,3,0,none
OCNT-0479389-AA-001,CYP2J2,4,0,none
OCNT-0479389-AA-001,CYP3A4,4,2,partial
OCNT-0479390-AA-001,CYP2J2,4,0,none
OCNT-0479390-AA-001,CYP3A4,4,1,partial
OCNT-0479391-AA-001,CYP2J2,4,0,none
OCNT-0479391-AA-001,CYP3A4,4,2,partial
OCNT-0479393-AA-001,CYP2J2,4,3,partial
OCNT-0479393-AA-001,CYP3A4,4,0,none
OCNT-0479395-AA-001,CYP2J2,4,0,none
OCNT-0479395-AA-001,CYP3A4,4,0,none
OCNT-0479397-AA-001,CYP2J2,4,0,none
OCNT-0479397-AA-001,CYP3A4,4,0,none
OCNT-0479399-AA-001,CYP2J2,4,0,none
OCNT-0479399-AA-001,CYP3A4,4,4,full
OCNT-0479401-AA-001,CYP2J2,4,0,none
OCNT-0479401-AA-001,CYP3A4,4,0,none
OCNT-0479403-AA-001,CYP2J2,4,0,none
OCNT-0479403-AA-001,CYP3A4,4,0,none
OCNT-0479405-AA-001,CYP2J2,4,0,none
OCNT-0479405-AA-001,CYP3A4,4,0,none
OCNT-0479407-AA-001,CYP2J2,4,0,none
OCNT-0479407-AA-001,CYP3A4,4,0,none
OCNT-0479409-AA-001,CYP2J2,4,0,none
OCNT-0479409-AA-001,CYP3A4,4,0,none
OCNT-0479411-AA-001,CYP2J2,4,0,none
OCNT-0479411-AA-001,CYP3A4,4,0,none
OCNT-0479413-AA-001,CYP2J2,4,0,none
OCNT-0479413-AA-001,CYP3A4,4,3,partial
OCNT-0479427-AA-001,CYP2J2,4,0,none
OCNT-0479427-AA-001,CYP3A4,4,4,full
OCNT-0479429-AA-001,CYP2J2,4,0,none
OCNT-0479429-AA-001,CYP3A4,4,4,full
OCNT-0479433-AA-001,CYP2J2,4,0,none
OCNT-0479433-AA-001,CYP3A4,4,0,none
OCNT-0479435-AA-001,CYP2J2,4,0,none
OCNT-0479435-AA-001,CYP3A4,4,4,full
OCNT-0479437-AA-001,CYP2J2,4,2,partial
OCNT-0479437-AA-001,CYP3A4,4,4,full
OCNT-0479442-AA-001,CYP2J2,4,0,none
OCNT-0479442-AA-001,CYP3A4,4,0,none
OCNT-0479446-AA-001,CYP2J2,4,0,none
OCNT-0479446-AA-001,CYP3A4,4,0,none
OCNT-0479448-AA-001,CYP2J2,4,0,none
OCNT-0479448-AA-001,CYP3A4,4,0,none
OCNT-0479450-AA-001,CYP2J2,4,0,none
OCNT-0479450-AA-001,CYP3A4,4,0,none
OCNT-0479466-AA-001,CYP2J2,4,0,none
OCNT-0479466-AA-001,CYP3A4,4,0,none
OCNT-0479472-AA-001,CYP2J2,4,0,none
OCNT-0479472-AA-001,CYP3A4,4,0,none
OCNT-0479496-AA-001,CYP2J2,4,0,none
OCNT-0479496-AA-001,CYP3A4,3,0,none
OCNT-0479499-AA-001,CYP2J2,4,0,none
OCNT-0479499-AA-001,CYP3A4,3,3,full
OCNT-0479500-AA-001,CYP2J2,4,0,none
OCNT-0479500-AA-001,CYP3A4,4,0,none
OCNT-0479501-AA-001,CYP2J2,4,0,none
OCNT-0479501-AA-001,CYP3A4,4,0,none
OCNT-0479503-AA-001,CYP2J2,4,0,none
OCNT-0479503-AA-001,CYP3A4,4,0,none
OCNT-0479523-AA-001,CYP2J2,4,0,none
OCNT-0479523-AA-001,CYP3A4,4,2,partial
OCNT-0479525-AA-001,CYP2J2,4,0,none
OCNT-0479525-AA-001,CYP3A4,4,0,none
OCNT-0479527-AA-001,CYP2J2,4,0,none
OCNT-0479527-AA-001,CYP3A4,4,0,none
OCNT-0479564-AA-001,CYP2J2,4,0,none
OCNT-0479564-AA-001,CYP3A4,4,0,none
OCNT-0479585-AA-001,CYP2J2,4,0,none
OCNT-0479585-AA-001,CYP3A4,4,4,full
OCNT-0479588-AA-001,CYP2J2,4,0,none
OCNT-0479588-AA-001,CYP3A4,4,0,none
OCNT-0479598-AA-001,CYP2J2,4,0,none
OCNT-0479598-AA-001,CYP3A4,4,4,full
OCNT-0479600-AA-001,CYP2J2,4,0,none
OCNT-0479600-AA-001,CYP3A4,4,3,partial
OCNT-0479603-AA-001,CYP2J2,4,0,none
OCNT-0479603-AA-001,CYP3A4,4,0,none
OCNT-0479605-AA-001,CYP2J2,4,0,none
OCNT-0479605-AA-001,CYP3A4,3,0,none
OCNT-0479613-AA-001,CYP2J2,4,3,partial
OCNT-0479613-AA-001,CYP3A4,4,4,full
OCNT-0479618-AA-001,CYP2J2,4,0,none
OCNT-0479618-AA-001,CYP3A4,4,4,full
OCNT-0479622-AA-001,CYP2J2,4,0,none
OCNT-0479622-AA-001,CYP3A4,4,4,full
OCNT-0479624-AA-001,CYP2J2,4,0,none
OCNT-0479624-AA-001,CYP3A4,4,0,none
OCNT-0479685-AA-001,CYP2J2,4,0,none
OCNT-0479685-AA-001,CYP3A4,4,0,none
OCNT-0479689-AA-001,CYP2J2,4,0,none
OCNT-0479689-AA-001,CYP3A4,4,0,none
OCNT-0479693-AA-001,CYP2J2,4,0,none
OCNT-0479693-AA-001,CYP3A4,4,0,none
OCNT-0479717-AA-001,CYP2J2,4,0,none
OCNT-0479717-AA-001,CYP3A4,4,0,none
OCNT-0479721-AA-001,CYP2J2,4,0,none
OCNT-0479721-AA-001,CYP3A4,4,0,none
OCNT-0479723-AA-001,CYP2J2,4,0,none
OCNT-0479723-AA-001,CYP3A4,4,0,none
OCNT-0479725-AA-001,CYP2J2,3,0,none
OCNT-0479725-AA-001,CYP3A4,4,0,none
OCNT-0479749-AA-001,CYP2J2,4,0,none
OCNT-0479749-AA-001,CYP3A4,4,0,none
OCNT-0479771-AA-001,CYP2J2,4,0,none
OCNT-0479771-AA-001,CYP3A4,4,0,none
OCNT-0480057-AA-002,CYP2J2,4,0,none
OCNT-0480057-AA-002,CYP3A4,4,0,none
OCNT-0481714-AA-001,CYP2J2,4,0,none
OCNT-0481714-AA-001,CYP3A4,4,0,none
OCNT-0481724-AA-001,CYP2J2,4,0,none
OCNT-0481724-AA-001,CYP3A4,4,0,none
OCNT-0481739-AA-001,CYP2J2,4,0,none
OCNT-0481739-AA-001,CYP3A4,4,0,none
OCNT-0481795-AA-001,CYP2J2,4,0,none
OCNT-0481795-AA-001,CYP3A4,4,0,none
OCNT-0481805-AA-001,CYP2J2,4,0,none
OCNT-0481805-AA-001,CYP3A4,4,0,none
OCNT-0481958-AA-001,CYP2J2,4,0,none
OCNT-0481958-AA-001,CYP3A4,4,0,none
OCNT-0481962-AA-001,CYP2J2,4,0,none
OCNT-0481962-AA-001,CYP3A4,4,0,none
OCNT-0482005-AA-001,CYP2J2,4,0,none
OCNT-0482005-AA-001,CYP3A4,4,0,none
OCNT-0482018-AA-001,CYP2J2,4,0,none
OCNT-0482018-AA-001,CYP3A4,4,0,none
OCNT-0482020-AA-001,CYP2J2,4,0,none
OCNT-0482020-AA-001,CYP3A4,4,0,none
OCNT-0482022-AA-001,CYP2J2,4,0,none
OCNT-0482022-AA-001,CYP3A4,4,0,none
OCNT-0482024-AA-001,CYP2J2,4,0,none
OCNT-0482024-AA-001,CYP3A4,4,0,none
OCNT-0482026-AA-001,CYP2J2,4,0,none
OCNT-0482026-AA-001,CYP3A4,4,0,none
OCNT-0482032-AA-001,CYP2J2,4,0,none
OCNT-0482032-AA-001,CYP3A4,4,0,none
OCNT-0482050-AA-001,CYP2J2,4,0,none
OCNT-0482050-AA-001,CYP3A4,4,0,none
OCNT-0482052-AA-001,CYP2J2,4,0,none
OCNT-0482052-AA-001,CYP3A4,4,0,none
OCNT-0482054-AA-001,CYP2J2,4,0,none
OCNT-0482054-AA-001,CYP3A4,4,0,none
OCNT-0482056-AA-001,CYP2J2,4,0,none
OCNT-0482056-AA-001,CYP3A4,4,0,none
OCNT-0482064-AA-001,CYP2J2,4,0,none
OCNT-0482064-AA-001,CYP3A4,4,0,none
OCNT-0482072-AA-001,CYP2J2,4,0,none
OCNT-0482072-AA-001,CYP3A4,4,0,none
OCNT-0482076-AA-001,CYP2J2,4,0,none
OCNT-0482076-AA-001,CYP3A4,4,0,none
OCNT-0482080-AA-001,CYP2J2,4,0,none
OCNT-0482080-AA-001,CYP3A4,4,0,none
OCNT-0482082-AA-001,CYP2J2,4,0,none
OCNT-0482082-AA-001,CYP3A4,3,2,partial
OCNT-0482086-AA-001,CYP2J2,4,0,none
OCNT-0482086-AA-001,CYP3A4,4,0,none
OCNT-0482088-AA-001,CYP2J2,4,0,none
OCNT-0482088-AA-001,CYP3A4,4,0,none
OCNT-0482092-AA-001,CYP2J2,4,0,none
OCNT-0482092-AA-001,CYP3A4,4,0,none
OCNT-0482094-AA-001,CYP2J2,4,0,none
OCNT-0482094-AA-001,CYP3A4,4,0,none
OCNT-0482096-AA-001,CYP2J2,4,0,none
OCNT-0482096-AA-001,CYP3A4,4,0,none
OCNT-0482102-AA-001,CYP2J2,4,0,none
OCNT-0482102-AA-001,CYP3A4,4,0,none
OCNT-0482106-AA-001,CYP2J2,4,0,none
OCNT-0482106-AA-001,CYP3A4,4,0,none
OCNT-0482114-AA-001,CYP2J2,4,0,none
OCNT-0482114-AA-001,CYP3A4,4,0,none
OCNT-0482116-AA-001,CYP2J2,4,0,none
OCNT-0482116-AA-001,CYP3A4,4,0,none
OCNT-0482118-AA-001,CYP2J2,4,0,none
OCNT-0482118-AA-001,CYP3A4,4,0,none
OCNT-0482120-AA-001,CYP2J2,4,0,none
OCNT-0482120-AA-001,CYP3A4,4,0,none
OCNT-0482122-AA-001,CYP2J2,4,0,none
OCNT-0482122-AA-001,CYP3A4,4,0,none
OCNT-0482126-AA-001,CYP2J2,4,0,none
OCNT-0482126-AA-001,CYP3A4,4,3,partial
OCNT-0482146-AA-001,CYP2J2,4,0,none
OCNT-0482146-AA-001,CYP3A4,4,0,none
OCNT-0482148-AA-001,CYP2J2,4,0,none
OCNT-0482148-AA-001,CYP3A4,4,0,none
OCNT-0482156-AA-001,CYP2J2,4,0,none
OCNT-0482156-AA-001,CYP3A4,4,0,none
OCNT-0482160-AA-001,CYP2J2,4,0,none
OCNT-0482160-AA-001,CYP3A4,4,0,none
OCNT-0482180-AA-001,CYP2J2,4,0,none
OCNT-0482180-AA-001,CYP3A4,4,0,none
OCNT-0482206-AA-001,CYP2J2,4,2,partial
OCNT-0482206-AA-001,CYP3A4,4,0,none
OCNT-0482212-AA-001,CYP2J2,4,0,none
OCNT-0482212-AA-001,CYP3A4,4,0,none
OCNT-0482222-AA-001,CYP2J2,4,0,none
OCNT-0482222-AA-001,CYP3A4,4,0,none
OCNT-0482228-AQ-001,CYP2J2,4,0,none
OCNT-0482228-AQ-001,CYP3A4,4,0,none
OCNT-0482272-AA-001,CYP2J2,4,0,none
OCNT-0482272-AA-001,CYP3A4,4,0,none
OCNT-0482276-AA-001,CYP2J2,4,0,none
OCNT-0482276-AA-001,CYP3A4,4,0,none
OCNT-0482286-AA-001,CYP2J2,4,0,none
OCNT-0482286-AA-001,CYP3A4,4,0,none
OCNT-0482292-AA-001,CYP2J2,4,0,none
OCNT-0482292-AA-001,CYP3A4,4,0,none
OCNT-0482294-AA-001,CYP2J2,4,0,none
OCNT-0482294-AA-001,CYP3A4,4,0,none
OCNT-0482298-AA-001,CYP2J2,4,0,none
OCNT-0482298-AA-001,CYP3A4,4,0,none
OCNT-0482300-AA-001,CYP2J2,4,0,none
OCNT-0482300-AA-001,CYP3A4,4,0,none
OCNT-0482302-AA-001,CYP2J2,4,0,none
OCNT-0482302-AA-001,CYP3A4,4,0,none
OCNT-0482304-AA-001,CYP2J2,4,0,none
OCNT-0482304-AA-001,CYP3A4,3,0,none
OCNT-0482322-AA-001,CYP2J2,4,0,none
OCNT-0482322-AA-001,CYP3A4,4,0,none
OCNT-0482324-AA-001,CYP2J2,4,0,none
OCNT-0482324-AA-001,CYP3A4,4,0,none
OCNT-0482326-AA-001,CYP2J2,4,0,none
OCNT-0482326-AA-001,CYP3A4,4,0,none
OCNT-0482328-AA-001,CYP2J2,4,0,none
OCNT-0482328-AA-001,CYP3A4,4,0,none
OCNT-0482330-AA-001,CYP2J2,4,0,none
OCNT-0482330-AA-001,CYP3A4,4,0,none
OCNT-0482332-AA-001,CYP2J2,4,0,none
OCNT-0482332-AA-001,CYP3A4,4,0,none
OCNT-0482334-AA-001,CYP2J2,4,0,none
OCNT-0482334-AA-001,CYP3A4,4,0,none
OCNT-0482336-AA-001,CYP2J2,4,0,none
OCNT-0482336-AA-001,CYP3A4,4,0,none
OCNT-0482364-AA-001,CYP2J2,4,0,none
OCNT-0482364-AA-001,CYP3A4,4,0,none
OCNT-0482368-AA-001,CYP2J2,4,0,none
OCNT-0482368-AA-001,CYP3A4,4,0,none
OCNT-0482383-AA-001,CYP2J2,4,0,none
OCNT-0482383-AA-001,CYP3A4,4,0,none
OCNT-0482388-AA-001,CYP2J2,4,0,none
OCNT-0482388-AA-001,CYP3A4,4,0,none
OCNT-0482389-AQ-001,CYP2J2,4,0,none
OCNT-0482389-AQ-001,CYP3A4,4,0,none
OCNT-0482390-AA-001,CYP2J2,4,0,none
OCNT-0482390-AA-001,CYP3A4,4,0,none
OCNT-0482391-AQ-001,CYP2J2,4,0,none
OCNT-0482391-AQ-001,CYP3A4,4,0,none
OCNT-0482392-AA-001,CYP2J2,4,4,full
OCNT-0482392-AA-001,CYP3A4,4,0,none
OCNT-0482400-AA-001,CYP2J2,4,0,none
OCNT-0482400-AA-001,CYP3A4,4,0,none
OCNT-0482403-AA-001,CYP2J2,4,0,none
OCNT-0482403-AA-001,CYP3A4,4,0,none
OCNT-0482405-AA-001,CYP2J2,4,2,partial
OCNT-0482405-AA-001,CYP3A4,4,0,none
OCNT-0482437-AA-001,CYP2J2,4,0,none
OCNT-0482437-AA-001,CYP3A4,4,0,none
OCNT-0482457-AA-001,CYP2J2,4,0,none
OCNT-0482457-AA-001,CYP3A4,4,0,none
OCNT-0482484-AA-001,CYP2J2,4,0,none
OCNT-0482484-AA-001,CYP3A4,4,0,none
OCNT-0482490-AA-001,CYP2J2,4,2,partial
OCNT-0482490-AA-001,CYP3A4,3,2,partial
OCNT-0482518-AA-001,CYP2J2,4,0,none
OCNT-0482518-AA-001,CYP3A4,4,0,none
OCNT-0482520-AA-001,CYP2J2,4,0,none
OCNT-0482520-AA-001,CYP3A4,4,0,none
OCNT-0482548-AA-001,CYP2J2,4,0,none
OCNT-0482548-AA-001,CYP3A4,4,0,none
OCNT-0482553-AA-001,CYP2J2,4,0,none
OCNT-0482553-AA-001,CYP3A4,4,0,none
OCNT-0482556-AA-001,CYP2J2,4,0,none
OCNT-0482556-AA-001,CYP3A4,4,0,none
OCNT-0482557-AA-001,CYP2J2,4,0,none
OCNT-0482557-AA-001,CYP3A4,4,0,none
OCNT-0482558-AA-001,CYP2J2,4,0,none
OCNT-0482558-AA-001,CYP3A4,4,0,none
OCNT-0482560-AA-001,CYP2J2,4,0,none
OCNT-0482560-AA-001,CYP3A4,4,0,none
OCNT-0482578-AA-001,CYP2J2,4,0,none
OCNT-0482578-AA-001,CYP3A4,4,0,none
OCNT-0482580-AA-001,CYP2J2,4,0,none
OCNT-0482580-AA-001,CYP3A4,4,2,partial
OCNT-0482582-AA-001,CYP2J2,4,0,none
OCNT-0482582-AA-001,CYP3A4,4,0,none
OCNT-0482584-AA-001,CYP2J2,4,0,none
OCNT-0482584-AA-001,CYP3A4,4,3,partial
OCNT-0482586-AA-001,CYP2J2,4,4,full
OCNT-0482586-AA-001,CYP3A4,4,0,none
OCNT-0482588-AA-001,CYP2J2,4,0,none
OCNT-0482588-AA-001,CYP3A4,4,0,none
OCNT-0482596-AA-001,CYP2J2,4,0,none
OCNT-0482596-AA-001,CYP3A4,4,0,none
OCNT-0483873-AA-002,CYP2J2,4,0,none
OCNT-0483873-AA-002,CYP3A4,4,0,none
OCNT-0493917-AA-001,CYP2J2,4,0,none
OCNT-0493917-AA-001,CYP3A4,4,0,none
OCNT-0493920-AA-001,CYP2J2,4,0,none
OCNT-0493920-AA-001,CYP3A4,4,0,none
OCNT-0493933-AA-001,CYP2J2,4,0,none
OCNT-0493933-AA-001,CYP3A4,4,0,none
OCNT-0493940-AA-001,CYP2J2,4,0,none
OCNT-0493940-AA-001,CYP3A4,4,0,none
OCNT-0493944-AA-001,CYP2J2,4,0,none
OCNT-0493944-AA-001,CYP3A4,4,0,none
OCNT-0493949-AA-001,CYP2J2,4,0,none
OCNT-0493949-AA-001,CYP3A4,4,0,none
OCNT-0493952-AA-001,CYP2J2,4,0,none
OCNT-0493952-AA-001,CYP3A4,4,0,none
OCNT-0493954-AA-001,CYP2J2,4,0,none
OCNT-0493954-AA-001,CYP3A4,4,0,none
OCNT-0493958-AA-001,CYP2J2,4,0,none
OCNT-0493958-AA-001,CYP3A4,4,0,none
OCNT-0493961-AA-001,CYP2J2,4,0,none
OCNT-0493961-AA-001,CYP3A4,4,0,none
OCNT-0493966-AA-001,CYP2J2,4,0,none
OCNT-0493966-AA-001,CYP3A4,4,0,none
OCNT-0493970-AA-001,CYP2J2,4,0,none
OCNT-0493970-AA-001,CYP3A4,4,0,none
OCNT-0493971-AA-001,CYP2J2,4,0,none
OCNT-0493971-AA-001,CYP3A4,4,0,none
OCNT-0493974-AA-001,CYP2J2,4,0,none
OCNT-0493974-AA-001,CYP3A4,4,0,none
OCNT-0493978-AA-001,CYP2J2,4,0,none
OCNT-0493978-AA-001,CYP3A4,3,3,full
OCNT-0493980-AA-001,CYP2J2,4,0,none
OCNT-0493980-AA-001,CYP3A4,4,0,none
OCNT-0493982-AA-001,CYP2J2,4,0,none
OCNT-0493982-AA-001,CYP3A4,4,0,none
OCNT-0493988-AA-001,CYP2J2,4,0,none
OCNT-0493988-AA-001,CYP3A4,4,0,none
OCNT-0493990-AA-001,CYP2J2,4,0,none
OCNT-0493990-AA-001,CYP3A4,4,0,none
OCNT-0493997-AA-001,CYP2J2,4,0,none
OCNT-0493997-AA-001,CYP3A4,4,0,none
OCNT-0494001-AA-001,CYP2J2,4,0,none
OCNT-0494001-AA-001,CYP3A4,4,0,none
OCNT-0494005-AA-001,CYP2J2,4,0,none
OCNT-0494005-AA-001,CYP3A4,4,0,none
OCNT-0494021-AA-001,CYP2J2,4,0,none
OCNT-0494021-AA-001,CYP3A4,4,0,none
OCNT-0494023-AA-001,CYP2J2,4,0,none
OCNT-0494023-AA-001,CYP3A4,4,0,none
OCNT-0494025-AA-001,CYP2J2,4,0,none
OCNT-0494025-AA-001,CYP3A4,4,0,none
OCNT-0494038-AA-001,CYP2J2,4,0,none
OCNT-0494038-AA-001,CYP3A4,4,0,none
OCNT-0494040-AA-001,CYP2J2,4,0,none
OCNT-0494040-AA-001,CYP3A4,4,0,none
OCNT-0494041-AA-001,CYP2J2,4,0,none
OCNT-0494041-AA-001,CYP3A4,4,0,none
OCNT-0494048-AA-001,CYP2J2,4,0,none
OCNT-0494048-AA-001,CYP3A4,4,0,none
OCNT-0494056-AA-001,CYP2J2,4,0,none
OCNT-0494056-AA-001,CYP3A4,4,0,none
OCNT-0494076-AA-001,CYP2J2,4,0,none
OCNT-0494076-AA-001,CYP3A4,4,0,none
OCNT-0494077-AA-001,CYP2J2,4,0,none
OCNT-0494077-AA-001,CYP3A4,4,0,none
OCNT-0494078-AA-001,CYP2J2,4,0,none
OCNT-0494078-AA-001,CYP3A4,4,0,none
OCNT-0494083-AA-001,CYP2J2,4,0,none
OCNT-0494083-AA-001,CYP3A4,4,0,none
OCNT-0494103-AA-001,CYP2J2,4,0,none
OCNT-0494103-AA-001,CYP3A4,4,0,none
OCNT-0494106-AA-001,CYP2J2,4,0,none
OCNT-0494106-AA-001,CYP3A4,4,0,none
OCNT-0494109-AA-001,CYP2J2,4,0,none
OCNT-0494109-AA-001,CYP3A4,4,0,none
OCNT-0494125-AA-001,CYP2J2,4,0,none
OCNT-0494125-AA-001,CYP3A4,4,0,none
OCNT-0494126-AA-001,CYP2J2,4,0,none
OCNT-0494126-AA-001,CYP3A4,4,0,none
OCNT-0494130-AA-001,CYP2J2,4,0,none
OCNT-0494130-AA-001,CYP3A4,4,0,none
OCNT-0494134-AA-001,CYP2J2,4,0,none
OCNT-0494134-AA-001,CYP3A4,4,0,none
OCNT-0494135-AA-001,CYP2J2,4,0,none
OCNT-0494135-AA-001,CYP3A4,4,0,none
OCNT-0494136-AA-001,CYP2J2,4,0,none
OCNT-0494136-AA-001,CYP3A4,4,0,none
OCNT-0494138-AA-001,CYP2J2,4,0,none
OCNT-0494138-AA-001,CYP3A4,4,0,none
OCNT-0494141-AA-001,CYP2J2,4,0,none
OCNT-0494141-AA-001,CYP3A4,4,0,none
OCNT-0494142-AA-001,CYP2J2,4,0,none
OCNT-0494142-AA-001,CYP3A4,4,0,none
OCNT-0494150-AA-001,CYP2J2,4,0,none
OCNT-0494150-AA-001,CYP3A4,4,0,none
OCNT-0494151-AA-001,CYP2J2,4,0,none
OCNT-0494151-AA-001,CYP3A4,4,0,none
OCNT-0494154-AA-001,CYP2J2,4,0,none
OCNT-0494154-AA-001,CYP3A4,4,0,none
OCNT-0494156-AA-001,CYP2J2,4,0,none
OCNT-0494156-AA-001,CYP3A4,4,0,none
OCNT-0494158-AA-001,CYP2J2,4,0,none
OCNT-0494158-AA-001,CYP3A4,4,0,none
OCNT-0494161-AA-001,CYP2J2,4,0,none
OCNT-0494161-AA-001,CYP3A4,4,0,none
OCNT-0494165-AA-001,CYP2J2,4,0,none
OCNT-0494165-AA-001,CYP3A4,4,0,none
OCNT-0494173-AA-001,CYP2J2,4,0,none
OCNT-0494173-AA-001,CYP3A4,4,4,full
OCNT-0494176-AA-001,CYP2J2,4,0,none
OCNT-0494176-AA-001,CYP3A4,4,0,none
OCNT-0494192-AA-001,CYP2J2,4,0,none
OCNT-0494192-AA-001,CYP3A4,4,0,none
OCNT-0494193-AA-001,CYP2J2,4,0,none
OCNT-0494193-AA-001,CYP3A4,4,0,none
OCNT-0494197-AA-001,CYP2J2,4,0,none
OCNT-0494197-AA-001,CYP3A4,4,0,none
OCNT-0494198-AA-001,CYP2J2,4,0,none
OCNT-0494198-AA-001,CYP3A4,4,0,none
OCNT-0494209-AA-001,CYP2J2,4,0,none
OCNT-0494209-AA-001,CYP3A4,4,0,none
OCNT-0494212-AA-001,CYP2J2,4,0,none
OCNT-0494212-AA-001,CYP3A4,4,0,none
OCNT-0494220-AA-001,CYP2J2,4,0,none
OCNT-0494220-AA-001,CYP3A4,4,0,none
OCNT-0494222-AA-001,CYP2J2,4,0,none
OCNT-0494222-AA-001,CYP3A4,4,0,none
OCNT-0495765-AA-001,CYP2J2,4,0,none
OCNT-0495765-AA-001,CYP3A4,4,0,none
OCNT-0495768-AA-001,CYP2J2,4,0,none
OCNT-0495768-AA-001,CYP3A4,4,0,none
OCNT-0495774-AA-001,CYP2J2,4,0,none
OCNT-0495774-AA-001,CYP3A4,4,0,none
OCNT-0495778-AA-001,CYP2J2,4,0,none
OCNT-0495778-AA-001,CYP3A4,4,0,none
OCNT-0495787-AA-001,CYP2J2,4,0,none
OCNT-0495787-AA-001,CYP3A4,4,0,none
OCNT-0495788-AA-001,CYP2J2,4,0,none
OCNT-0495788-AA-001,CYP3A4,4,0,none
OCNT-0495792-AA-001,CYP2J2,4,0,none
OCNT-0495792-AA-001,CYP3A4,4,0,none
OCNT-0495794-AA-001,CYP2J2,4,0,none
OCNT-0495794-AA-001,CYP3A4,4,0,none
OCNT-0495796-AA-001,CYP2J2,4,0,none
OCNT-0495796-AA-001,CYP3A4,4,4,full
OCNT-0495800-AA-001,CYP2J2,4,0,none
OCNT-0495800-AA-001,CYP3A4,4,0,none
OCNT-0495801-AA-001,CYP2J2,4,0,none
OCNT-0495801-AA-001,CYP3A4,4,0,none
OCNT-0495807-AA-001,CYP2J2,4,0,none
OCNT-0495807-AA-001,CYP3A4,4,0,none
OCNT-0495815-AA-001,CYP2J2,4,0,none
OCNT-0495815-AA-001,CYP3A4,4,0,none
OCNT-0495819-AA-001,CYP2J2,4,0,none
OCNT-0495819-AA-001,CYP3A4,4,0,none
OCNT-0495821-AA-001,CYP2J2,4,0,none
OCNT-0495821-AA-001,CYP3A4,4,0,none
OCNT-0495824-AA-001,CYP2J2,4,0,none
OCNT-0495824-AA-001,CYP3A4,4,0,none
OCNT-0495825-AA-001,CYP2J2,4,0,none
OCNT-0495825-AA-001,CYP3A4,4,0,none
OCNT-0495826-AA-001,CYP2J2,4,0,none
OCNT-0495826-AA-001,CYP3A4,4,0,none
OCNT-0495828-AA-001,CYP2J2,4,0,none
OCNT-0495828-AA-001,CYP3A4,4,0,none
OCNT-0495830-AA-001,CYP2J2,4,0,none
OCNT-0495830-AA-001,CYP3A4,4,0,none
OCNT-0495833-AA-001,CYP2J2,4,0,none
OCNT-0495833-AA-001,CYP3A4,4,4,full
OCNT-0495835-AA-001,CYP2J2,4,0,none
OCNT-0495835-AA-001,CYP3A4,4,0,none
OCNT-0495846-AA-001,CYP2J2,4,0,none
OCNT-0495846-AA-001,CYP3A4,4,0,none
OCNT-0495848-AA-001,CYP2J2,4,0,none
OCNT-0495848-AA-001,CYP3A4,4,0,none
OCNT-0495855-AA-001,CYP2J2,4,0,none
OCNT-0495855-AA-001,CYP3A4,4,0,none
OCNT-0495857-AA-001,CYP2J2,4,0,none
OCNT-0495857-AA-001,CYP3A4,4,4,full
OCNT-0495858-AA-001,CYP2J2,4,0,none
OCNT-0495858-AA-001,CYP3A4,4,0,none
OCNT-0495871-AA-001,CYP2J2,4,0,none
OCNT-0495871-AA-001,CYP3A4,4,0,none
OCNT-0495873-AA-001,CYP2J2,4,0,none
OCNT-0495873-AA-001,CYP3A4,4,0,none
OCNT-0495877-AA-001,CYP2J2,4,0,none
OCNT-0495877-AA-001,CYP3A4,4,0,none
OCNT-0495880-AA-001,CYP2J2,4,0,none
OCNT-0495880-AA-001,CYP3A4,4,0,none
OCNT-0495889-AA-001,CYP2J2,4,0,none
OCNT-0495889-AA-001,CYP3A4,4,0,none
OCNT-0495892-AA-001,CYP2J2,4,0,none
OCNT-0495892-AA-001,CYP3A4,4,0,none
OCNT-0495907-AA-001,CYP2J2,4,0,none
OCNT-0495907-AA-001,CYP3A4,4,0,none
OCNT-0495942-AA-001,CYP2J2,4,0,none
OCNT-0495942-AA-001,CYP3A4,4,0,none
OCNT-0495943-AA-001,CYP2J2,4,0,none
OCNT-0495943-AA-001,CYP3A4,4,0,none
OCNT-0495950-AA-001,CYP2J2,4,0,none
OCNT-0495950-AA-001,CYP3A4,4,0,none
OCNT-0495951-AA-001,CYP2J2,4,0,none
OCNT-0495951-AA-001,CYP3A4,4,4,full
OCNT-0495955-AA-001,CYP2J2,4,0,none
OCNT-0495955-AA-001,CYP3A4,4,0,none
OCNT-0495960-AA-001,CYP2J2,4,0,none
OCNT-0495960-AA-001,CYP3A4,4,0,none
OCNT-0495982-AA-001,CYP2J2,4,4,full
OCNT-0495982-AA-001,CYP3A4,4,0,none
OCNT-0495989-AA-001,CYP2J2,4,0,none
OCNT-0495989-AA-001,CYP3A4,4,0,none
OCNT-0495995-AA-001,CYP2J2,4,0,none
OCNT-0495995-AA-001,CYP3A4,4,0,none
OCNT-0495999-AA-001,CYP2J2,4,0,none
OCNT-0495999-AA-001,CYP3A4,4,0,none
OCNT-0496002-AA-001,CYP2J2,4,0,none
OCNT-0496002-AA-001,CYP3A4,4,0,none
OCNT-0496004-AA-001,CYP2J2,4,0,none
OCNT-0496004-AA-001,CYP3A4,4,0,none
OCNT-0496015-AA-001,CYP2J2,4,0,none
OCNT-0496015-AA-001,CYP3A4,4,0,none
OCNT-0496019-AA-001,CYP2J2,4,0,none
OCNT-0496019-AA-001,CYP3A4,4,0,none
OCNT-0496032-AA-001,CYP2J2,4,0,none
OCNT-0496032-AA-001,CYP3A4,4,0,none
OCNT-0496035-AA-001,CYP2J2,4,0,none
OCNT-0496035-AA-001,CYP3A4,4,0,none
OCNT-0496041-AA-001,CYP2J2,4,0,none
OCNT-0496041-AA-001,CYP3A4,4,0,none
OCNT-0496043-AA-001,CYP2J2,4,0,none
OCNT-0496043-AA-001,CYP3A4,4,0,none
OCNT-0496045-AA-001,CYP2J2,4,0,none
OCNT-0496045-AA-001,CYP3A4,4,0,none
OCNT-0497308-AA-001,CYP2J2,4,0,none
OCNT-0497308-AA-001,CYP3A4,4,0,none
OCNT-0497311-AA-001,CYP2J2,4,0,none
OCNT-0497311-AA-001,CYP3A4,4,0,none
OCNT-0497323-AA-001,CYP2J2,4,0,none
OCNT-0497323-AA-001,CYP3A4,3,0,none
OCNT-0497327-AA-001,CYP2J2,4,0,none
OCNT-0497327-AA-001,CYP3A4,4,0,none
OCNT-0497333-AA-001,CYP2J2,4,0,none
OCNT-0497333-AA-001,CYP3A4,4,4,full
OCNT-0497334-AA-001,CYP2J2,4,0,none
OCNT-0497334-AA-001,CYP3A4,4,0,none
OCNT-0497336-AA-001,CYP2J2,4,0,none
OCNT-0497336-AA-001,CYP3A4,4,2,partial
OCNT-0497339-AA-001,CYP2J2,4,0,none
OCNT-0497339-AA-001,CYP3A4,4,0,none
OCNT-0497342-AA-001,CYP2J2,4,0,none
OCNT-0497342-AA-001,CYP3A4,4,0,none
OCNT-0497343-AA-001,CYP2J2,4,0,none
OCNT-0497343-AA-001,CYP3A4,4,0,none
OCNT-0497344-AA-001,CYP2J2,4,0,none
OCNT-0497344-AA-001,CYP3A4,4,0,none
OCNT-0497352-AA-001,CYP2J2,4,0,none
OCNT-0497352-AA-001,CYP3A4,4,4,full
OCNT-0497354-AA-001,CYP2J2,4,0,none
OCNT-0497354-AA-001,CYP3A4,4,0,none
OCNT-0497356-AA-001,CYP2J2,4,0,none
OCNT-0497356-AA-001,CYP3A4,4,0,none
OCNT-0497363-AA-001,CYP2J2,4,0,none
OCNT-0497363-AA-001,CYP3A4,4,0,none
OCNT-0497366-AA-001,CYP2J2,4,0,none
OCNT-0497366-AA-001,CYP3A4,4,0,none
OCNT-0497367-AA-001,CYP2J2,4,0,none
OCNT-0497367-AA-001,CYP3A4,4,0,none
OCNT-0497368-AA-001,CYP2J2,4,0,none
OCNT-0497368-AA-001,CYP3A4,4,0,none
OCNT-0497370-AA-001,CYP2J2,4,0,none
OCNT-0497370-AA-001,CYP3A4,4,0,none
OCNT-0497383-AA-001,CYP2J2,4,0,none
OCNT-0497383-AA-001,CYP3A4,4,3,partial
OCNT-0497387-AA-001,CYP2J2,4,0,none
OCNT-0497387-AA-001,CYP3A4,4,0,none
OCNT-0497389-AA-001,CYP2J2,4,0,none
OCNT-0497389-AA-001,CYP3A4,3,0,none
OCNT-0497393-AA-001,CYP2J2,4,0,none
OCNT-0497393-AA-001,CYP3A4,4,4,full
OCNT-0497397-AA-001,CYP2J2,4,0,none
OCNT-0497397-AA-001,CYP3A4,4,0,none
OCNT-0497409-AA-001,CYP2J2,4,0,none
OCNT-0497409-AA-001,CYP3A4,4,0,none
OCNT-0497415-AA-001,CYP2J2,4,0,none
OCNT-0497415-AA-001,CYP3A4,4,0,none
OCNT-0497418-AA-001,CYP2J2,4,0,none
OCNT-0497418-AA-001,CYP3A4,4,0,none
OCNT-0497422-AA-001,CYP2J2,4,0,none
OCNT-0497422-AA-001,CYP3A4,4,0,none
OCNT-0497430-AA-001,CYP2J2,4,0,none
OCNT-0497430-AA-001,CYP3A4,4,0,none
OCNT-0497436-AA-001,CYP2J2,4,0,none
OCNT-0497436-AA-001,CYP3A4,4,0,none
OCNT-0497440-AA-001,CYP2J2,4,0,none
OCNT-0497440-AA-001,CYP3A4,4,0,none
OCNT-0497443-AA-001,CYP2J2,4,0,none
OCNT-0497443-AA-001,CYP3A4,4,0,none
OCNT-0497446-AA-001,CYP2J2,4,0,none
OCNT-0497446-AA-001,CYP3A4,4,0,none
OCNT-0497451-AA-001,CYP2J2,4,0,none
OCNT-0497451-AA-001,CYP3A4,4,0,none
OCNT-0497452-AA-001,CYP2J2,4,0,none
OCNT-0497452-AA-001,CYP3A4,4,0,none
OCNT-0497455-AA-001,CYP2J2,4,0,none
OCNT-0497455-AA-001,CYP3A4,4,4,full
OCNT-0497460-AA-001,CYP2J2,4,0,none
OCNT-0497460-AA-001,CYP3A4,4,4,full
OCNT-0497464-AA-001,CYP2J2,4,0,none
OCNT-0497464-AA-001,CYP3A4,4,4,full
OCNT-0497465-AA-001,CYP2J2,4,0,none
OCNT-0497465-AA-001,CYP3A4,4,0,none
OCNT-0497469-AA-001,CYP2J2,4,0,none
OCNT-0497469-AA-001,CYP3A4,4,0,none
OCNT-0497470-AA-001,CYP2J2,4,0,none
OCNT-0497470-AA-001,CYP3A4,4,0,none
OCNT-0497471-AA-001,CYP2J2,4,0,none
OCNT-0497471-AA-001,CYP3A4,4,0,none
OCNT-0497478-AA-001,CYP2J2,4,0,none
OCNT-0497478-AA-001,CYP3A4,4,0,none
OCNT-0497485-AA-001,CYP2J2,4,0,none
OCNT-0497485-AA-001,CYP3A4,4,0,none
OCNT-0497487-AA-001,CYP2J2,4,0,none
OCNT-0497487-AA-001,CYP3A4,4,4,full
OCNT-0497490-AA-001,CYP2J2,4,0,none
OCNT-0497490-AA-001,CYP3A4,4,0,none
OCNT-0497497-AA-001,CYP2J2,4,0,none
OCNT-0497497-AA-001,CYP3A4,4,0,none
OCNT-0497498-AA-001,CYP2J2,4,0,none
OCNT-0497498-AA-001,CYP3A4,4,0,none
OCNT-0497501-AA-001,CYP2J2,4,0,none
OCNT-0497501-AA-001,CYP3A4,4,0,none
OCNT-0497504-AA-001,CYP2J2,4,0,none
OCNT-0497504-AA-001,CYP3A4,4,3,partial
OCNT-0497508-AA-001,CYP2J2,4,0,none
OCNT-0497508-AA-001,CYP3A4,4,0,none
OCNT-0497510-AA-001,CYP2J2,4,0,none
OCNT-0497510-AA-001,CYP3A4,4,3,partial
OCNT-0497512-AA-001,CYP2J2,4,0,none
OCNT-0497512-AA-001,CYP3A4,4,0,none
OCNT-0497513-AA-001,CYP2J2,4,0,none
OCNT-0497513-AA-001,CYP3A4,4,0,none
OCNT-0497514-AA-001,CYP2J2,4,0,none
OCNT-0497514-AA-001,CYP3A4,4,0,none
OCNT-0497518-AA-001,CYP2J2,4,0,none
OCNT-0497518-AA-001,CYP3A4,4,0,none
OCNT-0497528-AA-001,CYP2J2,4,0,none
OCNT-0497528-AA-001,CYP3A4,4,0,none
OCNT-0497533-AA-001,CYP2J2,4,0,none
OCNT-0497533-AA-001,CYP3A4,4,4,full
OCNT-0497545-AA-001,CYP2J2,4,0,none
OCNT-0497545-AA-001,CYP3A4,4,0,none
OCNT-0497549-AA-001,CYP2J2,4,0,none
OCNT-0497549-AA-001,CYP3A4,4,2,partial
OCNT-0497551-AA-001,CYP2J2,4,0,none
OCNT-0497551-AA-001,CYP3A4,4,0,none
OCNT-0497557-AA-001,CYP2J2,4,0,none
OCNT-0497557-AA-001,CYP3A4,4,0,none
OCNT-0497562-AA-001,CYP2J2,4,0,none
OCNT-0497562-AA-001,CYP3A4,4,0,none
OCNT-0497566-AA-001,CYP2J2,4,0,none
OCNT-0497566-AA-001,CYP3A4,4,0,none
OCNT-0497577-AA-001,CYP2J2,4,0,none
OCNT-0497577-AA-001,CYP3A4,4,0,none
OCNT-0497581-AA-001,CYP2J2,4,0,none
OCNT-0497581-AA-001,CYP3A4,4,0,none
OCNT-0497584-AA-001,CYP2J2,4,0,none
OCNT-0497584-AA-001,CYP3A4,4,0,none
OCNT-0497588-AA-001,CYP2J2,4,0,none
OCNT-0497588-AA-001,CYP3A4,4,0,none
OCNT-0497590-AA-001,CYP2J2,4,0,none
OCNT-0497590-AA-001,CYP3A4,4,0,none
OCNT-0497603-AA-001,CYP2J2,4,0,none
OCNT-0497603-AA-001,CYP3A4,4,0,none
OCNT-0497605-AA-001,CYP2J2,4,0,none
OCNT-0497605-AA-001,CYP3A4,4,0,none
OCNT-0497608-AA-001,CYP2J2,4,0,none
OCNT-0497608-AA-001,CYP3A4,4,4,full
OCNT-0497930-AA-001,CYP2J2,4,0,none
OCNT-0497930-AA-001,CYP3A4,4,0,none
OCNT-0497933-AA-001,CYP2J2,4,0,none
OCNT-0497933-AA-001,CYP3A4,4,0,none
OCNT-0497938-AA-001,CYP2J2,4,0,none
OCNT-0497938-AA-001,CYP3A4,4,0,none
OCNT-0497939-AA-001,CYP2J2,4,0,none
OCNT-0497939-AA-001,CYP3A4,4,0,none
OCNT-0497941-AA-001,CYP2J2,4,0,none
OCNT-0497941-AA-001,CYP3A4,4,0,none
OCNT-0497944-AA-001,CYP2J2,4,0,none
OCNT-0497944-AA-001,CYP3A4,4,0,none
OCNT-0497951-AA-001,CYP2J2,4,0,none
OCNT-0497951-AA-001,CYP3A4,4,0,none
OCNT-0497961-AA-001,CYP2J2,4,0,none
OCNT-0497961-AA-001,CYP3A4,4,0,none
OCNT-0497964-AA-001,CYP2J2,4,0,none
OCNT-0497964-AA-001,CYP3A4,4,0,none
OCNT-0497967-AA-001,CYP2J2,4,0,none
OCNT-0497967-AA-001,CYP3A4,4,0,none
OCNT-0497975-AA-001,CYP2J2,4,0,none
OCNT-0497975-AA-001,CYP3A4,4,0,none
OCNT-0497977-AA-001,CYP2J2,4,0,none
OCNT-0497977-AA-001,CYP3A4,4,0,none
OCNT-0497979-AA-001,CYP2J2,4,0,none
OCNT-0497979-AA-001,CYP3A4,4,0,none
OCNT-0497991-AA-001,CYP2J2,4,0,none
OCNT-0497991-AA-001,CYP3A4,4,0,none
OCNT-0497995-AA-001,CYP2J2,4,0,none
OCNT-0497995-AA-001,CYP3A4,4,0,none
OCNT-0497997-AA-001,CYP2J2,4,0,none
OCNT-0497997-AA-001,CYP3A4,4,0,none
OCNT-0497998-AA-001,CYP2J2,4,0,none
OCNT-0497998-AA-001,CYP3A4,4,0,none
OCNT-0498000-AA-001,CYP2J2,4,0,none
OCNT-0498000-AA-001,CYP3A4,4,0,none
OCNT-0498002-AA-001,CYP2J2,4,0,none
OCNT-0498002-AA-001,CYP3A4,4,0,none
OCNT-0498003-AA-001,CYP2J2,4,0,none
OCNT-0498003-AA-001,CYP3A4,4,0,none
OCNT-0498011-AA-001,CYP2J2,4,0,none
OCNT-0498011-AA-001,CYP3A4,4,0,none
OCNT-0498016-AA-001,CYP2J2,4,0,none
OCNT-0498016-AA-001,CYP3A4,4,0,none
OCNT-0498018-AA-001,CYP2J2,4,0,none
OCNT-0498018-AA-001,CYP3A4,4,0,none
OCNT-0498019-AA-001,CYP2J2,4,0,none
OCNT-0498019-AA-001,CYP3A4,4,0,none
OCNT-0498020-AA-001,CYP2J2,4,0,none
OCNT-0498020-AA-001,CYP3A4,4,0,none
OCNT-0498026-AA-001,CYP2J2,4,0,none
OCNT-0498026-AA-001,CYP3A4,4,0,none
OCNT-0498028-AA-001,CYP2J2,4,0,none
OCNT-0498028-AA-001,CYP3A4,4,0,none
OCNT-0498030-AA-001,CYP2J2,4,0,none
OCNT-0498030-AA-001,CYP3A4,4,0,none
OCNT-0498041-AA-001,CYP2J2,4,0,none
OCNT-0498041-AA-001,CYP3A4,4,0,none
OCNT-0498044-AA-001,CYP2J2,4,0,none
OCNT-0498044-AA-001,CYP3A4,4,0,none
OCNT-0498047-AA-001,CYP2J2,4,0,none
OCNT-0498047-AA-001,CYP3A4,4,0,none
OCNT-0498050-AA-001,CYP2J2,4,0,none
OCNT-0498050-AA-001,CYP3A4,4,0,none
OCNT-0498051-AA-001,CYP2J2,4,0,none
OCNT-0498051-AA-001,CYP3A4,4,0,none
OCNT-0498056-AA-001,CYP2J2,4,0,none
OCNT-0498056-AA-001,CYP3A4,4,0,none
OCNT-0498060-AA-001,CYP2J2,4,0,none
OCNT-0498060-AA-001,CYP3A4,4,0,none
OCNT-0498061-AA-001,CYP2J2,4,0,none
OCNT-0498061-AA-001,CYP3A4,4,0,none
OCNT-0498064-AA-001,CYP2J2,4,0,none
OCNT-0498064-AA-001,CYP3A4,4,0,none
OCNT-0498074-AA-001,CYP2J2,4,0,none
OCNT-0498074-AA-001,CYP3A4,4,0,none
OCNT-0498084-AA-001,CYP2J2,4,0,none
OCNT-0498084-AA-001,CYP3A4,4,0,none
OCNT-0498098-AA-001,CYP2J2,3,0,none
OCNT-0498098-AA-001,CYP3A4,4,0,none
OCNT-0498099-AA-001,CYP2J2,4,0,none
OCNT-0498099-AA-001,CYP3A4,4,0,none
OCNT-0498102-AA-001,CYP2J2,4,0,none
OCNT-0498102-AA-001,CYP3A4,4,0,none
OCNT-0498107-AA-001,CYP2J2,4,0,none
OCNT-0498107-AA-001,CYP3A4,4,0,none
OCNT-0498109-AA-001,CYP2J2,4,0,none
OCNT-0498109-AA-001,CYP3A4,4,0,none
OCNT-0498111-AA-001,CYP2J2,4,0,none
OCNT-0498111-AA-001,CYP3A4,4,0,none
OCNT-0498112-AA-001,CYP2J2,4,0,none
OCNT-0498112-AA-001,CYP3A4,4,0,none
OCNT-0498123-AA-001,CYP2J2,4,0,none
OCNT-0498123-AA-001,CYP3A4,4,0,none
OCNT-0498133-AA-001,CYP2J2,4,0,none
OCNT-0498133-AA-001,CYP3A4,4,0,none
OCNT-0498134-AA-001,CYP2J2,4,0,none
OCNT-0498134-AA-001,CYP3A4,4,0,none
OCNT-0498137-AA-001,CYP2J2,4,0,none
OCNT-0498137-AA-001,CYP3A4,4,0,none
OCNT-0498138-AA-001,CYP2J2,4,0,none
OCNT-0498138-AA-001,CYP3A4,4,0,none
OCNT-0498139-AA-001,CYP2J2,4,0,none
OCNT-0498139-AA-001,CYP3A4,4,0,none
OCNT-0498143-AA-001,CYP2J2,4,0,none
OCNT-0498143-AA-001,CYP3A4,4,0,none
OCNT-0498144-AA-001,CYP2J2,4,0,none
OCNT-0498144-AA-001,CYP3A4,4,0,none
OCNT-0498147-AA-001,CYP2J2,4,0,none
OCNT-0498147-AA-001,CYP3A4,4,0,none
OCNT-0498150-AA-001,CYP2J2,4,0,none
OCNT-0498150-AA-001,CYP3A4,4,0,none
OCNT-0498154-AA-001,CYP2J2,4,0,none
OCNT-0498154-AA-001,CYP3A4,4,0,none
OCNT-0498161-AA-001,CYP2J2,4,0,none
OCNT-0498161-AA-001,CYP3A4,4,0,none
OCNT-0498162-AA-001,CYP2J2,4,0,none
OCNT-0498162-AA-001,CYP3A4,4,0,none
OCNT-0498165-AA-001,CYP2J2,4,0,none
OCNT-0498165-AA-001,CYP3A4,4,4,full
OCNT-0498171-AA-001,CYP2J2,4,0,none
OCNT-0498171-AA-001,CYP3A4,4,0,none
OCNT-0498173-AA-001,CYP2J2,4,0,none
OCNT-0498173-AA-001,CYP3A4,4,0,none
OCNT-0498176-AA-001,CYP2J2,4,0,none
OCNT-0498176-AA-001,CYP3A4,4,0,none
OCNT-0498178-AA-001,CYP2J2,4,0,none
OCNT-0498178-AA-001,CYP3A4,4,0,none
OCNT-0498182-AA-001,CYP2J2,4,0,none
OCNT-0498182-AA-001,CYP3A4,4,0,none
OCNT-0498184-AA-001,CYP2J2,4,0,none
OCNT-0498184-AA-001,CYP3A4,4,0,none
OCNT-0498185-AA-001,CYP2J2,4,0,none
OCNT-0498185-AA-001,CYP3A4,4,0,none
OCNT-0498194-AA-001,CYP2J2,4,0,none
OCNT-0498194-AA-001,CYP3A4,4,0,none
OCNT-0498195-AA-001,CYP2J2,4,0,none
OCNT-0498195-AA-001,CYP3A4,4,0,none
OCNT-0498203-AA-001,CYP2J2,4,0,none
OCNT-0498203-AA-001,CYP3A4,4,0,none
